panel,repetition,geometry_spearman
PKIS2,0,0.9010650535588537
PKIS2,1,0.787080266110302
PKIS2,2,0.8900637282560678
PKIS2,3,0.847606800596605
PKIS2,4,0.8525161070214806
PKIS2,5,0.871572473942273
PKIS2,6,0.8597750921807136
PKIS2,7,0.8646896473294932
PKIS2,8,0.8580989996807028
PKIS2,9,0.8519439961159443
PKIS2,10,0.8862916453437258
PKIS2,11,0.8329033753668641
PKIS2,12,0.8769699116902204
PKIS2,13,0.8515958307636456
PKIS2,14,0.8992017565729332
PKIS2,15,0.8872276677732728
PKIS2,16,0.8673262563039362
PKIS2,17,0.8792618544616342
PKIS2,18,0.8336399462880588
PKIS2,19,0.8955328985640366
PKIS2,20,0.8951619887414872
PKIS2,21,0.8068837014000974
PKIS2,22,0.8636731444667516
PKIS2,23,0.8352792977207416
PKIS2,24,0.8360526097092644
PKIS2,25,0.797318776872373
PKIS2,26,0.8459709483131914
PKIS2,27,0.8484221023763598
PKIS2,28,0.8610925218806178
PKIS2,29,0.791492693338932
PKIS2,30,0.8617783551374073
PKIS2,31,0.8237898410948838
PKIS2,32,0.8978178430369117
PKIS2,33,0.8594304259776843
PKIS2,34,0.8665511947407788
PKIS2,35,0.8124648444846847
PKIS2,36,0.8725312408420702
PKIS2,37,0.8679421065753389
PKIS2,38,0.8174616296412935
PKIS2,39,0.8304487221544262
PKIS2,40,0.8788874454898155
PKIS2,41,0.8360211173658405
PKIS2,42,0.8319358605938932
PKIS2,43,0.8452028850485727
PKIS2,44,0.9004701981830667
PKIS2,45,0.8767162233681937
PKIS2,46,0.8611765014630819
PKIS2,47,0.7776115681874844
PKIS2,48,0.8605606511916791
PKIS2,49,0.7875771453065473
PKIS2,50,0.8580062722250654
PKIS2,51,0.868167801703211
PKIS2,52,0.7945107095837325
PKIS2,53,0.8644027170894077
PKIS2,54,0.8338743892891042
PKIS2,55,0.8722635559229663
PKIS2,56,0.8772218504376125
PKIS2,57,0.8838544878776349
PKIS2,58,0.7891587607762863
PKIS2,59,0.863991567050261
PKIS2,60,0.8217410891976888
PKIS2,61,0.8373875351555153
PKIS2,62,0.8519667405861949
PKIS2,63,0.8618658338691406
PKIS2,64,0.907141326265052
PKIS2,65,0.8393348117238998
PKIS2,66,0.8276161608209005
PKIS2,67,0.8093068622691109
PKIS2,68,0.8550127500251502
PKIS2,69,0.832798400888784
PKIS2,70,0.8518827610037311
PKIS2,71,0.9056471895270464
PKIS2,72,0.8045340226657395
PKIS2,73,0.8255971516924948
PKIS2,74,0.8735267488091959
PKIS2,75,0.8292012754399087
PKIS2,76,0.8176505837018375
PKIS2,77,0.8292607609774875
PKIS2,78,0.8460216859775967
PKIS2,79,0.7699781740564325
PKIS2,80,0.8250442861079401
PKIS2,81,0.8893831437231823
PKIS2,82,0.8738259260717239
PKIS2,83,0.8314039899049543
PKIS2,84,0.8150069764288559
PKIS2,85,0.85790304732162
PKIS2,86,0.8380908641586515
PKIS2,87,0.8408534425067906
PKIS2,88,0.8799914270842901
PKIS2,89,0.8563529241953052
PKIS2,90,0.878831459101506
PKIS2,91,0.8423668245657774
PKIS2,92,0.8239525515359079
PKIS2,93,0.8209292865672034
PKIS2,94,0.890809047050436
PKIS2,95,0.8772131025644393
PKIS2,96,0.8153428947587118
PKIS2,97,0.8525283540439232
PKIS2,98,0.8458467285141301
PKIS2,99,0.7636377155803995
PKIS2,100,0.837614979858022
PKIS2,101,0.8883631417111717
PKIS2,102,0.8902404352941692
PKIS2,103,0.8221277451919504
PKIS2,104,0.864238257073749
PKIS2,105,0.862152764109226
PKIS2,106,0.8570037659594013
PKIS2,107,0.8133116386078637
PKIS2,108,0.8186233471987124
PKIS2,109,0.8249900492942654
PKIS2,110,0.8775962594094312
PKIS2,111,0.8451923876007646
PKIS2,112,0.8775787636630845
PKIS2,113,0.8129529758077569
PKIS2,114,0.8417894649363374
PKIS2,115,0.8517760369510163
PKIS2,116,0.7881650023837955
PKIS2,117,0.8476137988951437
PKIS2,118,0.8509397402756456
PKIS2,119,0.8579117951947934
PKIS2,120,0.7669514099384588
PKIS2,121,0.8528065364108353
PKIS2,122,0.865646664654656
PKIS2,123,0.8670165815936003
PKIS2,124,0.8243549537018813
PKIS2,125,0.8470521854374157
PKIS2,126,0.9063085287389504
PKIS2,127,0.8516238239578003
PKIS2,128,0.8317294107870025
PKIS2,129,0.8574918972824733
PKIS2,130,0.8481981568231226
PKIS2,131,0.8650098194876372
PKIS2,132,0.826809606914319
PKIS2,133,0.8273327297300844
PKIS2,134,0.8270475490646337
PKIS2,135,0.8666299255993387
PKIS2,136,0.8380698692630355
PKIS2,137,0.8353685260271098
PKIS2,138,0.8392280876711852
PKIS2,139,0.8839367178854641
PKIS2,140,0.7811212149046264
PKIS2,141,0.759711670100207
PKIS2,142,0.8333530160479734
PKIS2,143,0.8943431878124631
PKIS2,144,0.8408936827233879
PKIS2,145,0.8525598463873473
PKIS2,146,0.8135583286313516
PKIS2,147,0.8121026825353088
PKIS2,148,0.8553119272876782
PKIS2,149,0.834883893853307
PKIS2,150,0.9089153949446042
PKIS2,151,0.8753795483473081
PKIS2,152,0.872706198305537
PKIS2,153,0.8072388650509347
PKIS2,154,0.8412838378669187
PKIS2,155,0.8589352963560736
PKIS2,156,0.859421678104511
PKIS2,157,0.8448512205470047
PKIS2,158,0.8490239560506854
PKIS2,159,0.8513158988220989
PKIS2,160,0.838886920617425
PKIS2,161,0.8878907565598115
PKIS2,162,0.8790956448713408
PKIS2,163,0.8758624309464763
PKIS2,164,0.8537827990569793
PKIS2,165,0.8169752478928561
PKIS2,166,0.8762805792841616
PKIS2,167,0.8454653212437726
PKIS2,168,0.8657253955132159
PKIS2,169,0.8444453192317618
PKIS2,170,0.7900248002204465
PKIS2,171,0.8299011052937756
PKIS2,172,0.8224234233052089
PKIS2,173,0.8827365096860827
PKIS2,174,0.7792544187694368
PKIS2,175,0.8612272391274873
PKIS2,176,0.8173531560139442
PKIS2,177,0.8815013099940077
PKIS2,178,0.8730561132324705
PKIS2,179,0.8325552100145653
PKIS2,180,0.8124893385295701
PKIS2,181,0.8292537626789487
PKIS2,182,0.8477975042317837
PKIS2,183,0.8750278838457402
PKIS2,184,0.8560170058654489
PKIS2,185,0.8963114592764636
PKIS2,186,0.8195751157999713
PKIS2,187,0.7793209026055541
PKIS2,188,0.8562374522694172
PKIS2,189,0.8392245885219157
PKIS2,190,0.7586619253194069
PKIS2,191,0.8441916309097353
PKIS2,192,0.8515695871441257
PKIS2,193,0.8524601206331711
PKIS2,194,0.8968223350697861
PKIS2,195,0.8665791879349334
PKIS2,196,0.7964352416818662
PKIS2,197,0.8717876716223368
PKIS2,198,0.8320880735871092
PKIS2,199,0.8480004548894052
PKIS2,200,0.8592432214917749
PKIS2,201,0.8479812095684238
PKIS2,202,0.8663849851504855
PKIS2,203,0.7940418235816418
PKIS2,204,0.7912005143749428
PKIS2,205,0.8249533082269374
PKIS2,206,0.7849142927125843
PKIS2,207,0.8289878273344795
PKIS2,208,0.8202084618177207
PKIS2,209,0.8111439156355112
PKIS2,210,0.8674767197225175
PKIS2,211,0.8582599605470921
PKIS2,212,0.8357394358496592
PKIS2,213,0.8600007873085858
PKIS2,214,0.8133781224439809
PKIS2,215,0.8631167797329276
PKIS2,216,0.8845823109256564
PKIS2,217,0.8194806387696992
PKIS2,218,0.8227191014184677
PKIS2,219,0.8129687219794688
PKIS2,220,0.807153135893836
PKIS2,221,0.8532631753904834
PKIS2,222,0.8918220507639081
PKIS2,223,0.9005804213850509
PKIS2,224,0.8889037602732837
PKIS2,225,0.86525825908576
PKIS2,226,0.8491464262751118
PKIS2,227,0.8681817983002884
PKIS2,228,0.8695324699182512
PKIS2,229,0.9007203873558242
PKIS2,230,0.784658854815923
PKIS2,231,0.8480511925538103
PKIS2,232,0.854178202924414
PKIS2,233,0.8567465784881052
PKIS2,234,0.8295564390907462
PKIS2,235,0.8839927042737736
PKIS2,236,0.8394362870527103
PKIS2,237,0.8349643742865016
PKIS2,238,0.7936341726917644
PKIS2,239,0.832982106225424
PKIS2,240,0.8906235921391612
PKIS2,241,0.8623994541327141
PKIS2,242,0.7704295643121768
PKIS2,243,0.8669710926530988
PKIS2,244,0.8863476317320351
PKIS2,245,0.8713975164788063
PKIS2,246,0.8440709102599432
PKIS2,247,0.8419994138924974
PKIS2,248,0.8301512944665329
PKIS2,249,0.7995512341062081
PKIS2,250,0.8776609936709139
PKIS2,251,0.9059831078569025
PKIS2,252,0.8620932785716473
PKIS2,253,0.8352985430417231
PKIS2,254,0.7931180481745376
PKIS2,255,0.7994060194115307
PKIS2,256,0.8148967532268717
PKIS2,257,0.8085580443254735
PKIS2,258,0.8386454793178408
PKIS2,259,0.7223127627095662
PKIS2,260,0.8664427211134293
PKIS2,261,0.8757644547669349
PKIS2,262,0.8580867526582602
PKIS2,263,0.8833348642111388
PKIS2,264,0.8703495212726406
PKIS2,265,0.8965074116355461
PKIS2,266,0.8904626312727719
PKIS2,267,0.8673455016249175
PKIS2,268,0.8159552458808452
PKIS2,269,0.8984704343756426
PKIS2,270,0.8546243444562542
PKIS2,271,0.8533506541222166
PKIS2,272,0.8607461061029539
PKIS2,273,0.8239210591924838
PKIS2,274,0.8626688886264529
PKIS2,275,0.872711447029441
PKIS2,276,0.8292537626789487
PKIS2,277,0.7680763864285496
PKIS2,278,0.8655486884751147
PKIS2,279,0.7847918224881577
PKIS2,280,0.8594829132167243
PKIS2,281,0.8285976721909487
PKIS2,282,0.8413258276581507
PKIS2,283,0.8600987634881271
PKIS2,284,0.8800544117711382
PKIS2,285,0.8305939368491037
PKIS2,286,0.8621300196389753
PKIS2,287,0.8734322717789239
PKIS2,288,0.9036579231674301
PKIS2,289,0.7890992752387076
PKIS2,290,0.8290315667003462
PKIS2,291,0.8499512306070587
PKIS2,292,0.8324677312828319
PKIS2,293,0.837384036006246
PKIS2,294,0.7804528773941837
PKIS2,295,0.7765198336154523
PKIS2,296,0.8469122194666422
PKIS2,297,0.8273449767525272
PKIS2,298,0.851436619471891
PKIS2,299,0.8355312364681338
PKIS2,300,0.8041071264548808
PKIS2,301,0.8678651252914136
PKIS2,302,0.7911970152256733
PKIS2,303,0.8029681533677127
PKIS2,304,0.855276935794985
PKIS2,305,0.7866043818096726
PKIS2,306,0.8347981646962084
PKIS2,307,0.8730753585534518
PKIS2,308,0.8572539551321586
PKIS2,309,0.9052780292791316
PKIS2,310,0.7683475704969229
PKIS2,311,0.7830754897715494
PKIS2,312,0.8884418725697315
PKIS2,313,0.8318886220787572
PKIS2,314,0.8664882100539307
PKIS2,315,0.8515083520319123
PKIS2,316,0.8313340069195678
PKIS2,317,0.8726449631933236
PKIS2,318,0.8449596941743539
PKIS2,319,0.8613462102026446
PKIS2,320,0.8387871948632489
PKIS2,321,0.8049766650483102
PKIS2,322,0.8631045327104848
PKIS2,323,0.814181177201293
PKIS2,324,0.7980903392862612
PKIS2,325,0.8762175945973136
PKIS2,326,0.8551072270554222
PKIS2,327,0.7735140643930946
PKIS2,328,0.8592292248946976
PKIS2,329,0.8659755846859732
PKIS2,330,0.8782033618076606
PKIS2,331,0.8264736885844629
PKIS2,332,0.8785252835404392
PKIS2,333,0.860334956063807
PKIS2,334,0.8862024170373578
PKIS2,335,0.8379071588220115
PKIS2,336,0.8974066929977651
PKIS2,337,0.860187991794495
PKIS2,338,0.8746709706202682
PKIS2,339,0.8611047689030606
PKIS2,340,0.8272942390881218
PKIS2,341,0.8029524071960005
PKIS2,342,0.878952179751298
PKIS2,343,0.8540259899311982
PKIS2,344,0.851342142441619
PKIS2,345,0.8830409356725147
PKIS2,346,0.7859745349411925
PKIS2,347,0.8693750082011311
PKIS2,348,0.8491551741482852
PKIS2,349,0.8194264019560245
PKIS2,350,0.8450979105704927
PKIS2,351,0.8812021327314798
PKIS2,352,0.8631780148451408
PKIS2,353,0.7668411867364747
PKIS2,354,0.8117370214366633
PKIS2,355,0.8950465168155993
PKIS2,356,0.843005419307431
PKIS2,357,0.8373490445135529
PKIS2,358,0.8877805333578275
PKIS2,359,0.8451503978095327
PKIS2,360,0.846814243287101
PKIS2,361,0.8033600580858781
PKIS2,362,0.8780179068963858
PKIS2,363,0.8364042742108325
PKIS2,364,0.801201082986699
PKIS2,365,0.830670918133029
PKIS2,366,0.8445537928591113
PKIS2,367,0.8920879861083775
PKIS2,368,0.857414915998548
PKIS2,369,0.853275422412926
PKIS2,370,0.892994265769135
PKIS2,371,0.8451713927051486
PKIS2,372,0.8100189391454204
PKIS2,373,0.8123213793646421
PKIS2,374,0.8719241384438411
PKIS2,375,0.8560694931044891
PKIS2,376,0.8810709146338798
PKIS2,377,0.8912656860300839
PKIS2,378,0.8617171200251941
PKIS2,379,0.8955171523923248
PKIS2,380,0.8796747540754156
PKIS2,381,0.8059441798212811
PKIS2,382,0.8484763391900346
PKIS2,383,0.8951829836371035
PKIS2,384,0.8615124197929379
PKIS2,385,0.8433850770031538
PKIS2,386,0.8625901577678927
PKIS2,387,0.8165973397717682
PKIS2,388,0.8528782689708566
PKIS2,389,0.8842971302602056
PKIS2,390,0.8268445984070123
PKIS2,391,0.8614231914865698
PKIS2,392,0.8210727516872462
PKIS2,393,0.9126157452969249
PKIS2,394,0.784695595883251
PKIS2,395,0.8680680759490351
PKIS2,396,0.8704649931985287
PKIS2,397,0.7493926789049413
PKIS2,398,0.8436125217056605
PKIS2,399,0.8151626885713412
PKIS2,400,0.8858350063640779
PKIS2,401,0.8538667786394433
PKIS2,402,0.8755562553854095
PKIS2,403,0.7425763361282789
PKIS2,404,0.8171117147143601
PKIS2,405,0.8915788598896894
PKIS2,406,0.8618833296154873
PKIS2,407,0.8832806273974642
PKIS2,408,0.8083585928171214
PKIS2,409,0.8279135885087939
PKIS2,410,0.8405647626920705
PKIS2,411,0.8716389577783903
PKIS2,412,0.8043853088217928
PKIS2,413,0.8171397079085149
PKIS2,414,0.8668836139213655
PKIS2,415,0.8208680514549902
PKIS2,416,0.8424420562750683
PKIS2,417,0.8584576624808095
PKIS2,418,0.8229255512253584
PKIS2,419,0.8155388471177946
PKIS2,420,0.851100701142035
PKIS2,421,0.8218793055938276
PKIS2,422,0.8186495908182324
PKIS2,423,0.8249987971674388
PKIS2,424,0.8562934386577264
PKIS2,425,0.903930856810438
PKIS2,426,0.8694729843806724
PKIS2,427,0.8035192693776326
PKIS2,428,0.8108482375222524
PKIS2,429,0.84892073114724
PKIS2,430,0.897543159819269
PKIS2,431,0.8081171515175374
PKIS2,432,0.795458979035722
PKIS2,433,0.8023173116036165
PKIS2,434,0.84947184715716
PKIS2,435,0.861654135338346
PKIS2,436,0.8411841121127428
PKIS2,437,0.8285609311236206
PKIS2,438,0.8527470508732566
PKIS2,439,0.8836812799888027
PKIS2,440,0.8278016157321753
PKIS2,441,0.8981065228516317
PKIS2,442,0.8318308861158132
PKIS2,443,0.8850406994799391
PKIS2,444,0.7830439974281254
PKIS2,445,0.8443036036863538
PKIS2,446,0.8238965651475987
PKIS2,447,0.812090435512866
PKIS2,448,0.838708464004689
PKIS2,449,0.8012710659720855
PKIS2,450,0.8257266202154602
PKIS2,451,0.897359454482629
PKIS2,452,0.8725137450957238
PKIS2,453,0.8391790995814143
PKIS2,454,0.8694922297016537
PKIS2,455,0.8083131038766201
PKIS2,456,0.8363517869717925
PKIS2,457,0.8055540246777504
PKIS2,458,0.8531004649494592
PKIS2,459,0.882535308603096
PKIS2,460,0.8430334125015857
PKIS2,461,0.8270492986392683
PKIS2,462,0.8642365074991145
PKIS2,463,0.8818197325775171
PKIS2,464,0.8601460020032631
PKIS2,465,0.8851631697043657
PKIS2,466,0.814454110844301
PKIS2,467,0.7878780721437101
PKIS2,468,0.9028093794696166
PKIS2,469,0.8220157724153316
PKIS2,470,0.8094258333442683
PKIS2,471,0.8609875474025378
PKIS2,472,0.8302177783026504
PKIS2,473,0.8474318431331382
PKIS2,474,0.8334772358470347
PKIS2,475,0.8516185752338965
PKIS2,476,0.8188735363714698
PKIS2,477,0.8147690342785412
PKIS2,478,0.895231971726874
PKIS2,479,0.7820432407370959
PKIS2,480,0.7434598713187858
PKIS2,481,0.8559627690517745
PKIS2,482,0.8433483359358256
PKIS2,483,0.7997471864652907
PKIS2,484,0.8631605190987943
PKIS2,485,0.8200982386157365
PKIS2,486,0.8277596259409432
PKIS2,487,0.8188262978563337
PKIS2,488,0.8491149339316879
PKIS2,489,0.7869193052439127
PKIS2,490,0.7968288959746661
PKIS2,491,0.8666894111369174
PKIS2,492,0.88713668989227
PKIS2,493,0.8439676853564978
PKIS2,494,0.8419749198476121
PKIS2,495,0.8726274674469772
PKIS2,496,0.8383410533314088
PKIS2,497,0.8541099695136621
PKIS2,498,0.8686506843023791
PKIS2,499,0.8814348261578905
PKIS2,500,0.8448092307557726
PKIS2,501,0.862100276870186
PKIS2,502,0.8824548281699014
PKIS2,503,0.8858367559387125
PKIS2,504,0.8555306241170116
PKIS2,505,0.8208942950745101
PKIS2,506,0.8525948378800405
PKIS2,507,0.8291575360740421
PKIS2,508,0.8559820143727558
PKIS2,509,0.8470171939447222
PKIS2,510,0.8694817322538458
PKIS2,511,0.8587480918701642
PKIS2,512,0.8450751661002419
PKIS2,513,0.8536025928696087
PKIS2,514,0.8782471011735273
PKIS2,515,0.7653487995731039
PKIS2,516,0.8271017858783084
PKIS2,517,0.8428514567395803
PKIS2,518,0.9014044710379792
PKIS2,519,0.8421411294379054
PKIS2,520,0.8516430692787816
PKIS2,521,0.7644355216138078
PKIS2,522,0.8611327620972151
PKIS2,523,0.847575308253181
PKIS2,524,0.7959331137617168
PKIS2,525,0.8698124018597979
PKIS2,526,0.7841269841269841
PKIS2,527,0.839117864469201
PKIS2,528,0.8144086219037997
PKIS2,529,0.7923237412903988
PKIS2,530,0.8888880141015716
PKIS2,531,0.8147147974648664
PKIS2,532,0.7958683795002341
PKIS2,533,0.8616418883159033
PKIS2,534,0.8341595699545549
PKIS2,535,0.8795697795973355
PKIS2,536,0.7458322945233941
PKIS2,537,0.8598433255914657
PKIS2,538,0.8477712606122637
PKIS2,539,0.8577858258210972
PKIS2,540,0.7922152676630495
PKIS2,541,0.836832919996326
PKIS2,542,0.8937675777576578
PKIS2,543,0.878091389031042
PKIS2,544,0.828658907303162
PKIS2,545,0.8054018116845343
PKIS2,546,0.8096410310243322
PKIS2,547,0.7808780240304076
PKIS2,548,0.8522151801843176
PKIS2,549,0.8311240579634077
PKIS2,550,0.868592948339435
PKIS2,551,0.8418961889890522
PKIS2,552,0.863681892339925
PKIS2,553,0.8235588972431078
PKIS2,554,0.8936940956230016
PKIS2,555,0.8791586295581888
PKIS2,556,0.8690565856176219
PKIS2,557,0.8493423786341946
PKIS2,558,0.8792845989318848
PKIS2,559,0.8358759026711631
PKIS2,560,0.8411106299780867
PKIS2,561,0.8041491162461127
PKIS2,562,0.8990600410275252
PKIS2,563,0.8318413835636213
PKIS2,564,0.8416704938611801
PKIS2,565,0.8425452811785136
PKIS2,566,0.8196748415541472
PKIS2,567,0.7621943165067994
PKIS2,568,0.826510429651791
PKIS2,569,0.8465832994353248
PKIS2,570,0.8588460680497055
PKIS2,571,0.7793174034562848
PKIS2,572,0.802004137744011
PKIS2,573,0.8471659077886691
PKIS2,574,0.8871174445712887
PKIS2,575,0.8196940868751286
PKIS2,576,0.8220280194377743
PKIS2,577,0.8413205789342467
PKIS2,578,0.8120711901918848
PKIS2,579,0.9108906647071433
PKIS2,580,0.8630310505758287
PKIS2,581,0.8810394222904557
PKIS2,582,0.9090641087885509
PKIS2,583,0.8676516771859842
PKIS2,584,0.8708498996181554
PKIS2,585,0.8968013401741702
PKIS2,586,0.9061370704247532
PKIS2,587,0.8662590157767893
PKIS2,588,0.7748542385632494
PKIS2,589,0.8198620460400565
PKIS2,590,0.8625621645737381
PKIS2,591,0.8734165256072118
PKIS2,592,0.8311782947770825
PKIS2,593,0.8963202071496369
PKIS2,594,0.8817077598008984
PKIS2,595,0.8459132123502475
PKIS2,596,0.8961749924549596
PKIS2,597,0.8079054529867425
PKIS2,598,0.8378651690307795
PKIS2,599,0.8836795304141681
PKIS2,600,0.8897697997174439
PKIS2,601,0.8501576804139495
PKIS2,602,0.774855988137884
PKIS2,603,0.8781053856281192
PKIS2,604,0.824661129262948
PKIS2,605,0.8430771518674522
PKIS2,606,0.8277631250902124
PKIS2,607,0.8567203348685851
PKIS2,608,0.7723016091712703
PKIS2,609,0.7998801541375253
PKIS2,610,0.8255674089237056
PKIS2,611,0.8087854890279802
PKIS2,612,0.8463838479269729
PKIS2,613,0.8883613921365369
PKIS2,614,0.8544633835898648
PKIS2,615,0.8484221023763598
PKIS2,616,0.8457435036106847
PKIS2,617,0.8619130723842766
PKIS2,618,0.8709391279245233
PKIS2,619,0.8569040402052253
PKIS2,620,0.8211707278667875
PKIS2,621,0.8664164774939095
PKIS2,622,0.8046984826813982
PKIS2,623,0.8247661037410281
PKIS2,624,0.8791428833864767
PKIS2,625,0.8536778245788994
PKIS2,626,0.8670060841457922
PKIS2,627,0.885334628018563
PKIS2,628,0.8147567872560983
PKIS2,629,0.8103338625796603
PKIS2,630,0.8888215302654543
PKIS2,631,0.8874463646026062
PKIS2,632,0.8927213321261269
PKIS2,633,0.7962410388974183
PKIS2,634,0.8286869004973165
PKIS2,635,0.8723422867815264
PKIS2,636,0.8544406391196142
PKIS2,637,0.8256828808495935
PKIS2,638,0.8290280675510768
PKIS2,639,0.8768299457194471
PKIS2,640,0.8564019122850759
PKIS2,641,0.8963534490676955
PKIS2,642,0.84479698373333
PKIS2,643,0.8583194460846707
PKIS2,644,0.880785733968429
PKIS2,645,0.8400993758392491
PKIS2,646,0.8434778044587911
PKIS2,647,0.8706451993858993
PKIS2,648,0.8552069528095982
PKIS2,649,0.8599360530471031
PKIS2,650,0.7857960783284565
PKIS2,651,0.7604622376184791
PKIS2,652,0.8487440241091385
PKIS2,653,0.7944039855310179
PKIS2,654,0.8878330205968674
PKIS2,655,0.8664269749417175
PKIS2,656,0.8841151744982002
PKIS2,657,0.850185673608104
PKIS2,658,0.816592091047864
PKIS2,659,0.9149514274342052
PKIS2,660,0.8558193039317317
PKIS2,661,0.8476120493205092
PKIS2,662,0.8439764332296711
PKIS2,663,0.7894054507997743
PKIS2,664,0.884137918968451
PKIS2,665,0.8888635200566862
PKIS2,666,0.8704439983029126
PKIS2,667,0.8301862859592263
PKIS2,668,0.8863161393886112
PKIS2,669,0.8425312845814361
PKIS2,670,0.8469857016012983
PKIS2,671,0.87886295144493
PKIS2,672,0.7896678869949745
PKIS2,673,0.8706294532141874
PKIS2,674,0.8405700114159745
PKIS2,675,0.8146133221360559
PKIS2,676,0.8175368613505841
PKIS2,677,0.862021546011626
PKIS2,678,0.8762070971495056
PKIS2,679,0.8371250989603153
PKIS2,680,0.8942312150358445
PKIS2,681,0.8782768439423165
PKIS2,682,0.8797832277027648
PKIS2,683,0.8205531280207501
PKIS2,684,0.8249673048240148
PKIS2,685,0.8613847008446073
PKIS2,686,0.8675257078122883
PKIS2,687,0.9079163878282094
PKIS2,688,0.8125488240671488
PKIS2,689,0.8379666443595902
PKIS2,690,0.8703320255262941
PKIS2,691,0.842947683344487
PKIS2,692,0.832016341027088
PKIS2,693,0.8584261701373853
PKIS2,694,0.8096812712409296
PKIS2,695,0.8573536808863346
PKIS2,696,0.8724455116849716
PKIS2,697,0.7639858809326983
PKIS2,698,0.8628141033211301
PKIS2,699,0.8377496971048916
PKIS2,700,0.8490816920136293
PKIS2,701,0.8411648667917613
PKIS2,702,0.8726082221259956
PKIS2,703,0.8481316729870051
PKIS2,704,0.8488262541169679
PKIS2,705,0.8487282779374266
PKIS2,706,0.8777659681489938
PKIS2,707,0.7955779501108794
PKIS2,708,0.8597768417553483
PKIS2,709,0.8133956181903277
PKIS2,710,0.8372300734383954
PKIS2,711,0.882530059879192
PKIS2,712,0.8712383051870515
PKIS2,713,0.8465990456070369
PKIS2,714,0.8777484724026472
PKIS2,715,0.8617556106671567
PKIS2,716,0.8959387998792795
PKIS2,717,0.807205623132876
PKIS2,718,0.8121201782816553
PKIS2,719,0.8256268944612841
PKIS2,720,0.83323929369672
PKIS2,721,0.8505285902364988
PKIS2,722,0.814496100635533
PKIS2,723,0.8299885840255089
PKIS2,724,0.8422426047667162
PKIS2,725,0.9052535352342462
PKIS2,726,0.863702887235541
PKIS2,727,0.8445537928591113
PKIS2,728,0.8535815979739928
PKIS2,729,0.8213299391585422
PKIS2,730,0.8655381910273067
PKIS2,731,0.8825178128567494
PKIS2,732,0.8584454154583667
PKIS2,733,0.8232597199805798
PKIS2,734,0.7626159639937541
PKIS2,735,0.752799100718638
PKIS2,736,0.880260861578029
PKIS2,737,0.8165396038088241
PKIS2,738,0.8239822943046973
PKIS2,739,0.7545679206742862
PKIS2,740,0.8355889724310778
PKIS2,741,0.8671110586238722
PKIS2,742,0.8557283260507289
PKIS2,743,0.8374417719691901
PKIS2,744,0.8374662660140754
PKIS2,745,0.777046455580487
PKIS2,746,0.8655014499599786
PKIS2,747,0.7721546449019584
PKIS2,748,0.864222510902037
PKIS2,749,0.8751451053462628
PKIS2,750,0.9141886128934904
PKIS2,751,0.84947184715716
PKIS2,752,0.8485410734515172
PKIS2,753,0.8172936704763656
PKIS2,754,0.850937990701011
PKIS2,755,0.830844126021861
PKIS2,756,0.8119819618855167
PKIS2,757,0.7754998316034415
PKIS2,758,0.8300778123318768
PKIS2,759,0.7458987783595115
PKIS2,760,0.8285906738924099
PKIS2,761,0.8195506217550859
PKIS2,762,0.841177113814204
PKIS2,763,0.8357866743647953
PKIS2,764,0.8520367235715818
PKIS2,765,0.8537390596911126
PKIS2,766,0.8587673371911454
PKIS2,767,0.8765797565466897
PKIS2,768,0.8558577945736944
PKIS2,769,0.8628403469406501
PKIS2,770,0.7680606402568377
PKIS2,771,0.8723580329532384
PKIS2,772,0.8594094310820684
PKIS2,773,0.8419994138924974
PKIS2,774,0.8495085882244879
PKIS2,775,0.8317241620630985
PKIS2,776,0.8815852895764719
PKIS2,777,0.8981012741277279
PKIS2,778,0.8684687285403737
PKIS2,779,0.8992070052968374
PKIS2,780,0.8157330499022427
PKIS2,781,0.7753196254160708
PKIS2,782,0.8674854675956909
PKIS2,783,0.8684214900252377
PKIS2,784,0.8544773801869421
PKIS2,785,0.8469402126607969
PKIS2,786,0.8246226386209854
PKIS2,787,0.8580202688221427
PKIS2,788,0.8366369676372433
PKIS2,789,0.8742808154767373
PKIS2,790,0.7353453441632005
PKIS2,791,0.8216641079137635
PKIS2,792,0.8401221203094998
PKIS2,793,0.8476137988951437
PKIS2,794,0.8660683121416107
PKIS2,795,0.8079684376735908
PKIS2,796,0.8569390316979186
PKIS2,797,0.8697301718519684
PKIS2,798,0.7788555157527327
PKIS2,799,0.7977561705310396
PKIS2,800,0.870017102092054
PKIS2,801,0.780052224802845
PKIS2,802,0.8387224606017664
PKIS2,803,0.8482121534201997
PKIS2,804,0.84918316734244
PKIS2,805,0.8138872486626689
PKIS2,806,0.8642260100513065
PKIS2,807,0.8237006127885159
PKIS2,808,0.8362713065385978
PKIS2,809,0.8547258197850648
PKIS2,810,0.8551457176973849
PKIS2,811,0.7465461209743381
PKIS2,812,0.8750068889501241
PKIS2,813,0.8361575841873444
PKIS2,814,0.801295560016971
PKIS2,815,0.8699856097486299
PKIS2,816,0.8612429852991992
PKIS2,817,0.8667349000774189
PKIS2,818,0.8262304977102444
PKIS2,819,0.8325604587384693
PKIS2,820,0.8398526858157611
PKIS2,821,0.8057062376709664
PKIS2,822,0.8518232754661523
PKIS2,823,0.8496538029191655
PKIS2,824,0.8205618758939234
PKIS2,825,0.8419521753773614
PKIS2,826,0.8833261163379654
PKIS2,827,0.8784308065101673
PKIS2,828,0.8981240185979785
PKIS2,829,0.8109952017915645
PKIS2,830,0.8258018519247509
PKIS2,831,0.8467022705104822
PKIS2,832,0.8959825392451461
PKIS2,833,0.8580692569119135
PKIS2,834,0.8198008109278433
PKIS2,835,0.8616978747042126
PKIS2,836,0.8473286182296931
PKIS2,837,0.8630537950460795
PKIS2,838,0.8255324174310121
PKIS2,839,0.8749316572408335
PKIS2,840,0.8931902181282177
PKIS2,841,0.8405770097145132
PKIS2,842,0.8744295293206841
PKIS2,843,0.87395189544542
PKIS2,844,0.8808802109987011
PKIS2,845,0.7966469402126609
PKIS2,846,0.8546330923294274
PKIS2,847,0.8546453393518703
PKIS2,848,0.7850665057058004
PKIS2,849,0.8563914148372679
PKIS2,850,0.8444085781644339
PKIS2,851,0.8244284358365374
PKIS2,852,0.8250250407869588
PKIS2,853,0.7862772113529898
PKIS2,854,0.8504183670345149
PKIS2,855,0.8046529937408969
PKIS2,856,0.8682815240544643
PKIS2,857,0.8603419543623457
PKIS2,858,0.8083533440932175
PKIS2,859,0.8624012037073486
PKIS2,860,0.8451521473841673
PKIS2,861,0.7669181680204001
PKIS2,862,0.8740638682220386
PKIS2,863,0.8401868545709824
PKIS2,864,0.8383865422719102
PKIS2,865,0.8144995997848025
PKIS2,866,0.8578593079557534
PKIS2,867,0.7864311739208405
PKIS2,868,0.8727429393728651
PKIS2,869,0.8376867124180435
PKIS2,870,0.8096095386809082
PKIS2,871,0.9003459783840054
PKIS2,872,0.8822903681542427
PKIS2,873,0.839773954957201
PKIS2,874,0.8238703215280785
PKIS2,875,0.8756419845425081
PKIS2,876,0.8094800701579429
PKIS2,877,0.8829307124705308
PKIS2,878,0.8802626111526637
PKIS2,879,0.8596228791874976
PKIS2,880,0.8442598643204872
PKIS2,881,0.8691965515883953
PKIS2,882,0.8620005511160099
PKIS2,883,0.8247853490620094
PKIS2,884,0.8814173304115437
PKIS2,885,0.8406259978042839
PKIS2,886,0.8506248168414055
PKIS2,887,0.8346039619117602
PKIS2,888,0.8692927781933019
PKIS2,889,0.785710349171358
PKIS2,890,0.872338787632257
PKIS2,891,0.7801694463033676
PKIS2,892,0.8326514366194719
PKIS2,893,0.8831599067476721
PKIS2,894,0.8468124937124663
PKIS2,895,0.8550179987490544
PKIS2,896,0.8875880801480142
PKIS2,897,0.8730578628071051
PKIS2,898,0.8748861683003321
PKIS2,899,0.8099244621151483
PKIS2,900,0.8630537950460795
PKIS2,901,0.8509099975068563
PKIS2,902,0.8505740791770002
PKIS2,903,0.8380086341508223
PKIS2,904,0.9034304784649234
PKIS2,905,0.8555533685872623
PKIS2,906,0.9141833641695862
PKIS2,907,0.8806877577888876
PKIS2,908,0.8108132460295592
PKIS2,909,0.8468824766978529
PKIS2,910,0.8566241082636785
PKIS2,911,0.8374452711184595
PKIS2,912,0.8466567815699808
PKIS2,913,0.8231337506068838
PKIS2,914,0.8150787089888772
PKIS2,915,0.8191167272456884
PKIS2,916,0.823126752308345
PKIS2,917,0.766319813495344
PKIS2,918,0.8929662725749804
PKIS2,919,0.8559767656488516
PKIS2,920,0.8871436881908088
PKIS2,921,0.8242482296491667
PKIS2,922,0.879340585320194
PKIS2,923,0.7915574276004147
PKIS2,924,0.830135548294821
PKIS2,925,0.8335594658548642
PKIS2,926,0.8400538868987479
PKIS2,927,0.9047654039111742
PKIS2,928,0.7973205264470077
PKIS2,929,0.8067787269220171
PKIS2,930,0.8619130723842766
PKIS2,931,0.8201577241533153
PKIS2,932,0.8591609914839456
PKIS2,933,0.8109794556198525
PKIS2,934,0.8756157409229881
PKIS2,935,0.80426808732127
PKIS2,936,0.7353470937378351
PKIS2,937,0.8579380388143134
PKIS2,938,0.8792338612674794
PKIS2,939,0.8970287848766769
PKIS2,940,0.8780214060456553
PKIS2,941,0.8190309980885898
PKIS2,942,0.8126660455676714
PKIS2,943,0.8849339754272244
PKIS2,944,0.8205111382295179
PKIS2,945,0.8768421927418898
PKIS2,946,0.7992013191792746
PKIS2,947,0.8166778202049627
PKIS2,948,0.8856932908186698
PKIS2,949,0.8821066628176026
PKIS2,950,0.8742528222825826
PKIS2,951,0.7695040393304379
PKIS2,952,0.870463243623894
PKIS2,953,0.7875176597689687
PKIS2,954,0.8125680693881302
PKIS2,955,0.8617818542866765
PKIS2,956,0.8792741014840768
PKIS2,957,0.8340878373945335
PKIS2,958,0.8608720754766498
PKIS2,959,0.9030543199184698
PKIS2,960,0.7525891517624779
PKIS2,961,0.8482296491665465
PKIS2,962,0.8335332222353441
PKIS2,963,0.7993482834485865
PKIS2,964,0.8299273489132956
PKIS2,965,0.8438049749154738
PKIS2,966,0.8508610094170855
PKIS2,967,0.8240155362227559
PKIS2,968,0.8488210053930639
PKIS2,969,0.8466322875250956
PKIS2,970,0.807672759560332
PKIS2,971,0.8750086385247587
PKIS2,972,0.8802381171077782
PKIS2,973,0.8278646004190232
PKIS2,974,0.8833838523009094
PKIS2,975,0.8656851552966186
PKIS2,976,0.8446832613820766
PKIS2,977,0.8857002891172086
PKIS2,978,0.8355784749832698
PKIS2,979,0.8350973419587364
PKIS2,980,0.8566556006071026
PKIS2,981,0.8883981332038648
PKIS2,982,0.8198620460400565
PKIS2,983,0.8360071207687632
PKIS2,984,0.8768579389136018
PKIS2,985,0.86646546558368
PKIS2,986,0.864285495588885
PKIS2,987,0.8402515888324652
PKIS2,988,0.849429857365928
PKIS2,989,0.8427464822615003
PKIS2,990,0.8726379648947851
PKIS2,991,0.8450734165256072
PKIS2,992,0.8719276375931102
PKIS2,993,0.8805197986239597
PKIS2,994,0.801222077882315
PKIS2,995,0.8250092946152467
PKIS2,996,0.8393750519404971
PKIS2,997,0.8852786416302538
PKIS2,998,0.8954331728098607
PKIS2,999,0.830896613260901
PKIS1,0,0.863765871922389
PKIS1,1,0.8547275693596995
PKIS1,2,0.8510254694327443
PKIS1,3,0.8402043503173292
PKIS1,4,0.8703092810560433
PKIS1,5,0.8810586676114371
PKIS1,6,0.9217800172333103
PKIS1,7,0.8333320211523575
PKIS1,8,0.8583491888534601
PKIS1,9,0.8186443420943285
PKIS1,10,0.8916593403228842
PKIS1,11,0.7871502490956888
PKIS1,12,0.8294952039785328
PKIS1,13,0.8359021462906832
PKIS1,14,0.8517655395032084
PKIS1,15,0.9007676258709603
PKIS1,16,0.7989616274543253
PKIS1,17,0.8721270891014623
PKIS1,18,0.8124281034173567
PKIS1,19,0.9063977570453186
PKIS1,20,0.8333547656226081
PKIS1,21,0.7612547949279833
PKIS1,22,0.7638756577307143
PKIS1,23,0.8575758768649373
PKIS1,24,0.8168947674596614
PKIS1,25,0.8902649293390545
PKIS1,26,0.6978677059139997
PKIS1,27,0.906215801283313
PKIS1,28,0.8468474852051596
PKIS1,29,0.8838632357508082
PKIS1,30,0.8242342330520894
PKIS1,31,0.8712995402992648
PKIS1,32,0.8488087583706212
PKIS1,33,0.8320425846466079
PKIS1,34,0.7941467980597218
PKIS1,35,0.8830321877993413
PKIS1,36,0.8313602505390877
PKIS1,37,0.8280238117107778
PKIS1,38,0.7902907355649159
PKIS1,39,0.7887021217966382
PKIS1,40,0.755314989043289
PKIS1,41,0.8562409514186865
PKIS1,42,0.8170172376840881
PKIS1,43,0.9225900702891611
PKIS1,44,0.8269968114002284
PKIS1,45,0.8550302457714969
PKIS1,46,0.825849090439887
PKIS1,47,0.8547503138299503
PKIS1,48,0.9073687709675586
PKIS1,49,0.8237635974753639
PKIS1,50,0.8318711263324106
PKIS1,51,0.8014390251370137
PKIS1,52,0.8476610374102798
PKIS1,53,0.9102100801742579
PKIS1,54,0.863991567050261
PKIS1,55,0.8806527662961944
PKIS1,56,0.8712120615675315
PKIS1,57,0.8220700092290063
PKIS1,58,0.8322577823266719
PKIS1,59,0.7987394314757225
PKIS1,60,0.8181019739575816
PKIS1,61,0.849324882887848
PKIS1,62,0.8501454333915067
PKIS1,63,0.8731838321808011
PKIS1,64,0.8337834114081015
PKIS1,65,0.8393680536419584
PKIS1,66,0.7861547411285633
PKIS1,67,0.8751276095999161
PKIS1,68,0.8897400569486545
PKIS1,69,0.8714185113744222
PKIS1,70,0.855103727906153
PKIS1,71,0.9107034602212337
PKIS1,72,0.7355867854627844
PKIS1,73,0.811901481452322
PKIS1,74,0.8257913544769429
PKIS1,75,0.8324117448945225
PKIS1,76,0.7992852987617386
PKIS1,77,0.8414780406513667
PKIS1,78,0.741482851981612
PKIS1,79,0.7685382741321017
PKIS1,80,0.84545307422133
PKIS1,81,0.7568808583413159
PKIS1,82,0.8226246243881957
PKIS1,83,0.8159569954554801
PKIS1,84,0.8521329501764884
PKIS1,85,0.8810289248426477
PKIS1,86,0.883411845495064
PKIS1,87,0.8836462884961095
PKIS1,88,0.8000988509668587
PKIS1,89,0.8361015977990353
PKIS1,90,0.8561779667318384
PKIS1,91,0.7910640475534386
PKIS1,92,0.869361011604054
PKIS1,93,0.8860414561709685
PKIS1,94,0.7415213426235747
PKIS1,95,0.8531896932558273
PKIS1,96,0.7629116421070128
PKIS1,97,0.8854500999444512
PKIS1,98,0.8444785611498206
PKIS1,99,0.810272627467447
PKIS1,100,0.7784723589077406
PKIS1,101,0.8032480853092593
PKIS1,102,0.8605886443858339
PKIS1,103,0.8810569180368023
PKIS1,104,0.8054980382894409
PKIS1,105,0.7705065455961021
PKIS1,106,0.8819876917424453
PKIS1,107,0.8560292528878917
PKIS1,108,0.8928175587310336
PKIS1,109,0.8447060058523272
PKIS1,110,0.788572653273673
PKIS1,111,0.7999833790409708
PKIS1,112,0.8136755501318743
PKIS1,113,0.7490410144033733
PKIS1,114,0.8051253788922568
PKIS1,115,0.8359598822536272
PKIS1,116,0.8770014040336445
PKIS1,117,0.7563944765928785
PKIS1,118,0.7991085917236374
PKIS1,119,0.7637951772975197
PKIS1,120,0.7670773793121547
PKIS1,121,0.8597435998372897
PKIS1,122,0.8379806409566676
PKIS1,123,0.8291907779921007
PKIS1,124,0.8570352583028252
PKIS1,125,0.8610487825147511
PKIS1,126,0.8568025648764145
PKIS1,127,0.8028071925013233
PKIS1,128,0.8545631093440408
PKIS1,129,0.7851434869897258
PKIS1,130,0.8984126984126986
PKIS1,131,0.8546575863743129
PKIS1,132,0.857304692796564
PKIS1,133,0.7057862807105023
PKIS1,134,0.7784321186911433
PKIS1,135,0.7593740021957163
PKIS1,136,0.7876716223368194
PKIS1,137,0.8650098194876372
PKIS1,138,0.8265559185922924
PKIS1,139,0.906226298731121
PKIS1,140,0.8962519737388849
PKIS1,141,0.8186425925196936
PKIS1,142,0.8037029747142727
PKIS1,143,0.7487785782081733
PKIS1,144,0.7078437804808707
PKIS1,145,0.7977911620237331
PKIS1,146,0.8526263302234646
PKIS1,147,0.9209892094984409
PKIS1,148,0.8708096594015581
PKIS1,149,0.7959558582319675
PKIS1,150,0.893687097324463
PKIS1,151,0.8221015015724302
PKIS1,152,0.8929785195974229
PKIS1,153,0.8694152484177287
PKIS1,154,0.823648125549476
PKIS1,155,0.8146780563975385
PKIS1,156,0.8884453717190008
PKIS1,157,0.8475560629321998
PKIS1,158,0.8406802346179586
PKIS1,159,0.8089516986182735
PKIS1,160,0.7875718965826435
PKIS1,161,0.8562339531201477
PKIS1,162,0.7799927392652662
PKIS1,163,0.8442703617682952
PKIS1,164,0.836638717211878
PKIS1,165,0.8062783485765024
PKIS1,166,0.8436107721310258
PKIS1,167,0.8691213198791043
PKIS1,168,0.8793248391484821
PKIS1,169,0.8689393641170992
PKIS1,170,0.7679556657787576
PKIS1,171,0.8261080274858176
PKIS1,172,0.7775800758440605
PKIS1,173,0.8078547153223373
PKIS1,174,0.8699716131515526
PKIS1,175,0.8357551820213712
PKIS1,176,0.8118052548474153
PKIS1,177,0.8065110420029131
PKIS1,178,0.785157483586803
PKIS1,179,0.8801051494355435
PKIS1,180,0.8003315443932695
PKIS1,181,0.8542656816561475
PKIS1,182,0.8494648488586213
PKIS1,183,0.8511199464630161
PKIS1,184,0.8474773320736397
PKIS1,185,0.9164928026873468
PKIS1,186,0.8113363688453245
PKIS1,187,0.8368661619143847
PKIS1,188,0.7770639513268338
PKIS1,189,0.8494648488586213
PKIS1,190,0.849650303769896
PKIS1,191,0.8679491048738777
PKIS1,192,0.8029769012408858
PKIS1,193,0.8596298774860364
PKIS1,194,0.8077427425457187
PKIS1,195,0.8741933367450039
PKIS1,196,0.8698438942032218
PKIS1,197,0.8469699554295863
PKIS1,198,0.7764043616895644
PKIS1,199,0.8570719993701531
PKIS1,200,0.7774453585971912
PKIS1,201,0.8950937553307353
PKIS1,202,0.8383498012045824
PKIS1,203,0.8655591859229227
PKIS1,204,0.8654034737804372
PKIS1,205,0.8323505097823093
PKIS1,206,0.8355189894456911
PKIS1,207,0.8659545897903573
PKIS1,208,0.8913636622096254
PKIS1,209,0.8882354227628408
PKIS1,210,0.876488778665687
PKIS1,211,0.9277495658867938
PKIS1,212,0.7354083288500485
PKIS1,213,0.7599793550193109
PKIS1,214,0.7485038949905305
PKIS1,215,0.8464905719796875
PKIS1,216,0.7834201559745787
PKIS1,217,0.8251667563323668
PKIS1,218,0.8735669890257932
PKIS1,219,0.8822221347434905
PKIS1,220,0.7945841917183885
PKIS1,221,0.8358986471414137
PKIS1,222,0.7382268935864967
PKIS1,223,0.8001093484146667
PKIS1,224,0.822250215416377
PKIS1,225,0.8083778381381027
PKIS1,226,0.8781631215910632
PKIS1,227,0.8951829836371035
PKIS1,228,0.8222047264758756
PKIS1,229,0.8410773880600282
PKIS1,230,0.8626811356488955
PKIS1,231,0.8792251133943061
PKIS1,232,0.8457452531853193
PKIS1,233,0.878091389031042
PKIS1,234,0.8721515831463478
PKIS1,235,0.8381363530991528
PKIS1,236,0.7136436203947915
PKIS1,237,0.8051008848473716
PKIS1,238,0.8888215302654543
PKIS1,239,0.8188262978563337
PKIS1,240,0.7016047973336482
PKIS1,241,0.764244817978629
PKIS1,242,0.8147725334278104
PKIS1,243,0.833097578151312
PKIS1,244,0.7858415672689577
PKIS1,245,0.8317748997275038
PKIS1,246,0.7826083533440933
PKIS1,247,0.8171834472743815
PKIS1,248,0.8400398903016705
PKIS1,249,0.8526140832010218
PKIS1,250,0.8027826984564379
PKIS1,251,0.8782208575540074
PKIS1,252,0.8525528480888086
PKIS1,253,0.811612801637602
PKIS1,254,0.8383882918465448
PKIS1,255,0.8454198323032713
PKIS1,256,0.8376902115673128
PKIS1,257,0.8411508701946842
PKIS1,258,0.756826621527641
PKIS1,259,0.8579310405157747
PKIS1,260,0.7567443915198118
PKIS1,261,0.8407922073945774
PKIS1,262,0.7831332257344934
PKIS1,263,0.9070101081674519
PKIS1,264,0.8358898992682405
PKIS1,265,0.8827732507534107
PKIS1,266,0.830314004907557
PKIS1,267,0.8518372720632297
PKIS1,268,0.868451232794027
PKIS1,269,0.8924536472070229
PKIS1,270,0.8110091983886419
PKIS1,271,0.7619826179760046
PKIS1,272,0.890457382548868
PKIS1,273,0.7620176094686981
PKIS1,274,0.8336032052207308
PKIS1,275,0.8944516614398126
PKIS1,276,0.8492916409697893
PKIS1,277,0.8154443700875226
PKIS1,278,0.8712995402992648
PKIS1,279,0.9490768806833839
PKIS1,280,0.8821678979298159
PKIS1,281,0.8066440096751477
PKIS1,282,0.8580675073372788
PKIS1,283,0.8406050029086679
PKIS1,284,0.7740809265747265
PKIS1,285,0.8479549659489037
PKIS1,286,0.6246829989458813
PKIS1,287,0.839296321081937
PKIS1,288,0.8031221159355634
PKIS1,289,0.895720103049946
PKIS1,290,0.8536113407427819
PKIS1,291,0.8726572102157665
PKIS1,292,0.8953649393991087
PKIS1,293,0.8426310103356123
PKIS1,294,0.9319397971368213
PKIS1,295,0.7324882887847892
PKIS1,296,0.8642679998425384
PKIS1,297,0.8673629973712641
PKIS1,298,0.8332060517786614
PKIS1,299,0.8439012015203804
PKIS1,300,0.8497377825016295
PKIS1,301,0.8436825046910472
PKIS1,302,0.7499315478924188
PKIS1,303,0.8609053173947084
PKIS1,304,0.8420186592134788
PKIS1,305,0.7429944844659643
PKIS1,306,0.7630288636075355
PKIS1,307,0.8675676976035203
PKIS1,308,0.8291680335218501
PKIS1,309,0.7877888438373422
PKIS1,310,0.8665267006958934
PKIS1,311,0.9176142800281681
PKIS1,312,0.8638271070346023
PKIS1,313,0.8407274731330947
PKIS1,314,0.8756804751844708
PKIS1,315,0.8053073346542623
PKIS1,316,0.8584086743910387
PKIS1,317,0.8692892790440325
PKIS1,318,0.8255954021178601
PKIS1,319,0.7729839432787905
PKIS1,320,0.7553132394686543
PKIS1,321,0.8734900077418678
PKIS1,322,0.7666207403325068
PKIS1,323,0.7944722189417698
PKIS1,324,0.7946436772559673
PKIS1,325,0.8070254169455051
PKIS1,326,0.7693745708074726
PKIS1,327,0.8255149216846657
PKIS1,328,0.7945159583076367
PKIS1,329,0.872711447029441
PKIS1,330,0.8240015396256786
PKIS1,331,0.8184396418620724
PKIS1,332,0.9100841108005617
PKIS1,333,0.8613094691353165
PKIS1,334,0.81146583736829
PKIS1,335,0.6552638139852249
PKIS1,336,0.8191324734174005
PKIS1,337,0.8681258119119789
PKIS1,338,0.826694134988431
PKIS1,339,0.8787124880263487
PKIS1,340,0.8961907386266715
PKIS1,341,0.8770608895712231
PKIS1,342,0.7375183158594568
PKIS1,343,0.7776168169113885
PKIS1,344,0.8445747877547272
PKIS1,345,0.8710073613352755
PKIS1,346,0.8963621969408689
PKIS1,347,0.8576476094249587
PKIS1,348,0.8762963254558737
PKIS1,349,0.873888910758572
PKIS1,350,0.8599587975173538
PKIS1,351,0.8078284717028175
PKIS1,352,0.6846531686983602
PKIS1,353,0.8534346337046805
PKIS1,354,0.89890432888504
PKIS1,355,0.8075205465671159
PKIS1,356,0.8465430592187275
PKIS1,357,0.8105105696177619
PKIS1,358,0.7724328272688704
PKIS1,359,0.8250337886601321
PKIS1,360,0.8256391414837269
PKIS1,361,0.8604206852209058
PKIS1,362,0.7930620617862283
PKIS1,363,0.8522729161472617
PKIS1,364,0.8650115690622718
PKIS1,365,0.8601897413691297
PKIS1,366,0.8462158887620448
PKIS1,367,0.8321143172066292
PKIS1,368,0.7941188048655671
PKIS1,369,0.9130863808736502
PKIS1,370,0.7942447742392631
PKIS1,371,0.8087854890279802
PKIS1,372,0.8221294947665849
PKIS1,373,0.8587638380418761
PKIS1,374,0.8881304482847608
PKIS1,375,0.8311975400980637
PKIS1,376,0.8536200886159553
PKIS1,377,0.844975440346066
PKIS1,378,0.7165076740717414
PKIS1,379,0.7332301084298881
PKIS1,380,0.9042002913041768
PKIS1,381,0.9296006158502715
PKIS1,382,0.9138369483919224
PKIS1,383,0.8138994956851116
PKIS1,384,0.859563393649919
PKIS1,385,0.7810792251133943
PKIS1,386,0.8463960949494156
PKIS1,387,0.830051568712357
PKIS1,388,0.8509432394249149
PKIS1,389,0.8184921291011124
PKIS1,390,0.8465640541143437
PKIS1,391,0.8464205889943008
PKIS1,392,0.8558158047824623
PKIS1,393,0.8309176081565169
PKIS1,394,0.8772848351244604
PKIS1,395,0.7545924147191715
PKIS1,396,0.703497837088358
PKIS1,397,0.9064309989633772
PKIS1,398,0.8439169476920925
PKIS1,399,0.8855480761239924
PKIS1,400,0.9020553128020752
PKIS1,401,0.8484658417422266
PKIS1,402,0.9078883946340547
PKIS1,403,0.918618535868467
PKIS1,404,0.7722998595966357
PKIS1,405,0.757368989664388
PKIS1,406,0.851321147546003
PKIS1,407,0.8700485944354779
PKIS1,408,0.8574131664239133
PKIS1,409,0.8739588937439586
PKIS1,410,0.8481771619275066
PKIS1,411,0.833844646520315
PKIS1,412,0.7869682933336833
PKIS1,413,0.8216361147196088
PKIS1,414,0.8680453314787843
PKIS1,415,0.8940772524679939
PKIS1,416,0.8898502801506384
PKIS1,417,0.9222611502578437
PKIS1,418,0.7674727831795896
PKIS1,419,0.8259453170447936
PKIS1,420,0.8570650010716147
PKIS1,421,0.6991973826363466
PKIS1,422,0.8452641201607861
PKIS1,423,0.80303463720383
PKIS1,424,0.7089810039934041
PKIS1,425,0.8196573458078006
PKIS1,426,0.7814466357866745
PKIS1,427,0.8576476094249587
PKIS1,428,0.8994204534022667
PKIS1,429,0.8462508802547382
PKIS1,430,0.8990180512362933
PKIS1,431,0.8861429314997793
PKIS1,432,0.8088344771177508
PKIS1,433,0.8751258600252816
PKIS1,434,0.7625267356873862
PKIS1,435,0.9052132950176489
PKIS1,436,0.8248133422561641
PKIS1,437,0.8735529924287158
PKIS1,438,0.8489277294457785
PKIS1,439,0.9048616305160808
PKIS1,440,0.7885429105048837
PKIS1,441,0.7674377916868962
PKIS1,442,0.8614931744719565
PKIS1,443,0.7958123931119248
PKIS1,444,0.7838558000586108
PKIS1,445,0.8273327297300844
PKIS1,446,0.790694887305524
PKIS1,447,0.8506405630131175
PKIS1,448,0.8918500439580628
PKIS1,449,0.797182310050869
PKIS1,450,0.8587673371911454
PKIS1,451,0.6970279100893596
PKIS1,452,0.8370568655495634
PKIS1,453,0.7467210784378048
PKIS1,454,0.8455650469979488
PKIS1,455,0.7651860891320799
PKIS1,456,0.8192304495969418
PKIS1,457,0.810340860878199
PKIS1,458,0.885019704584323
PKIS1,459,0.8969378069956743
PKIS1,460,0.8835133208238748
PKIS1,461,0.878563774182402
PKIS1,462,0.8486145555861732
PKIS1,463,0.8382343292786941
PKIS1,464,0.8518950080261737
PKIS1,465,0.8697476675983152
PKIS1,466,0.8379299032922621
PKIS1,467,0.9108574227890844
PKIS1,468,0.9020325683318244
PKIS1,469,0.8238265821622118
PKIS1,470,0.8261360206799723
PKIS1,471,0.8191499691637473
PKIS1,472,0.8025447563061232
PKIS1,473,0.87466047317246
PKIS1,474,0.8312465281878344
PKIS1,475,0.8678756227392216
PKIS1,476,0.8109147213583698
PKIS1,477,0.9295621252083087
PKIS1,478,0.820673848670542
PKIS1,479,0.878841956549314
PKIS1,480,0.8790589038040126
PKIS1,481,0.8911624611266387
PKIS1,482,0.8228888101580303
PKIS1,483,0.7939525952752737
PKIS1,484,0.8589038040126497
PKIS1,485,0.8048961846151155
PKIS1,486,0.8380786171362089
PKIS1,487,0.8508890026112402
PKIS1,488,0.8960017845661274
PKIS1,489,0.8152414194299011
PKIS1,490,0.7843841715982803
PKIS1,491,0.759449233905007
PKIS1,492,0.8722320635795422
PKIS1,493,0.8801663845477569
PKIS1,494,0.7206559155305368
PKIS1,495,0.8429774261132762
PKIS1,496,0.8717544297042782
PKIS1,497,0.8766217463379217
PKIS1,498,0.8296824084644422
PKIS1,499,0.8560187554400837
PKIS1,500,0.7755313239468654
PKIS1,501,0.8820926662205253
PKIS1,502,0.899938327494128
PKIS1,503,0.8573169398190066
PKIS1,504,0.8203589252363022
PKIS1,505,0.7975479711495144
PKIS1,506,0.7079102643169881
PKIS1,507,0.831932361444624
PKIS1,508,0.8543304159176301
PKIS1,509,0.7945964387408312
PKIS1,510,0.8966561254794929
PKIS1,511,0.8202836935270112
PKIS1,512,0.8233891885035451
PKIS1,513,0.908233060837084
PKIS1,514,0.7838050623942054
PKIS1,515,0.8679071150826456
PKIS1,516,0.8224794096935184
PKIS1,517,0.846840486906621
PKIS1,518,0.856709837420777
PKIS1,519,0.8283877232347887
PKIS1,520,0.8982884786136371
PKIS1,521,0.7725150572766998
PKIS1,522,0.8279940689419885
PKIS1,523,0.8736387215858147
PKIS1,524,0.8124823402310314
PKIS1,525,0.9070660945557611
PKIS1,526,0.8533786473163713
PKIS1,527,0.8730683602549131
PKIS1,528,0.8227260997170064
PKIS1,529,0.8534608773242006
PKIS1,530,0.83670695062263
PKIS1,531,0.8420519011315376
PKIS1,532,0.8281375340620312
PKIS1,533,0.7604902308126338
PKIS1,534,0.876835194443351
PKIS1,535,0.7836703451473361
PKIS1,536,0.8418244564290307
PKIS1,537,0.8215556342864141
PKIS1,538,0.8768386935926203
PKIS1,539,0.8869704803019768
PKIS1,540,0.7550455545495502
PKIS1,541,0.7714005782344169
PKIS1,542,0.7280356213395619
PKIS1,543,0.866843373704768
PKIS1,544,0.8366544633835901
PKIS1,545,0.7957774016192314
PKIS1,546,0.8132783966898047
PKIS1,547,0.8624711866927355
PKIS1,548,0.7727564985762837
PKIS1,549,0.8635226810481703
PKIS1,550,0.8966368801585116
PKIS1,551,0.8539770018414273
PKIS1,552,0.7882507315408941
PKIS1,553,0.8586186233471989
PKIS1,554,0.8384530261080276
PKIS1,555,0.8371460938559313
PKIS1,556,0.8641297834463996
PKIS1,557,0.8726309665962463
PKIS1,558,0.7657354555673652
PKIS1,559,0.8373560428120913
PKIS1,560,0.817848285635555
PKIS1,561,0.8386069886758782
PKIS1,562,0.8157295507529734
PKIS1,563,0.6792172403084501
PKIS1,564,0.8869232417868407
PKIS1,565,0.899255993386608
PKIS1,566,0.8400591356226518
PKIS1,567,0.8645514309333543
PKIS1,568,0.8641700236629969
PKIS1,569,0.8105315645133779
PKIS1,570,0.7645824858831197
PKIS1,571,0.7597256666972844
PKIS1,572,0.7651213548705972
PKIS1,573,0.8979193183657224
PKIS1,574,0.7847760763164457
PKIS1,575,0.8909962515363453
PKIS1,576,0.6100950456420283
PKIS1,577,0.8330940790020428
PKIS1,578,0.8155388471177946
PKIS1,579,0.8364182708079099
PKIS1,580,0.8382780686445609
PKIS1,581,0.8446920092552498
PKIS1,582,0.8632567457037009
PKIS1,583,0.7465338739518954
PKIS1,584,0.7668201918408587
PKIS1,585,0.8073140967602253
PKIS1,586,0.8682220385168856
PKIS1,587,0.8452098833471113
PKIS1,588,0.8258298451189056
PKIS1,589,0.8182226946073736
PKIS1,590,0.8258858315072148
PKIS1,591,0.8308528738950344
PKIS1,592,0.7960643318593169
PKIS1,593,0.8976813762154077
PKIS1,594,0.868304268524715
PKIS1,595,0.7881072664208515
PKIS1,596,0.8149020019507758
PKIS1,597,0.7808797736050423
PKIS1,598,0.8413433234044974
PKIS1,599,0.8427342352390577
PKIS1,600,0.8210570055155341
PKIS1,601,0.8096392814496977
PKIS1,602,0.8425750239473028
PKIS1,603,0.7902067559824518
PKIS1,604,0.9054319918469822
PKIS1,605,0.8534941192422594
PKIS1,606,0.7998259173238509
PKIS1,607,0.840064384346556
PKIS1,608,0.8047719648160542
PKIS1,609,0.8215591334356835
PKIS1,610,0.7995459853823039
PKIS1,611,0.8949030516955565
PKIS1,612,0.8709531245216008
PKIS1,613,0.8336189513924428
PKIS1,614,0.8664882100539307
PKIS1,615,0.8717999186447797
PKIS1,616,0.8751486044955322
PKIS1,617,0.8065250385999906
PKIS1,618,0.8593429472459508
PKIS1,619,0.8644989436943143
PKIS1,620,0.9209279743862274
PKIS1,621,0.9233371386581639
PKIS1,622,0.8990163016616585
PKIS1,623,0.8822763715571652
PKIS1,624,0.8279275851058712
PKIS1,625,0.747062245491565
PKIS1,626,0.8564701456958278
PKIS1,627,0.8918290490624468
PKIS1,628,0.8457889925511862
PKIS1,629,0.7782519125037726
PKIS1,630,0.7025670633827151
PKIS1,631,0.7984909918775998
PKIS1,632,0.8012343249047577
PKIS1,633,0.7878990670393261
PKIS1,634,0.7824211488581839
PKIS1,635,0.7478303087561837
PKIS1,636,0.764087356261509
PKIS1,637,0.8204761467368248
PKIS1,638,0.7987604263713386
PKIS1,639,0.7082199390273242
PKIS1,640,0.8396934745240066
PKIS1,641,0.8626443945815675
PKIS1,642,0.8836830295634376
PKIS1,643,0.872338787632257
PKIS1,644,0.8351900694143738
PKIS1,645,0.8293622363062981
PKIS1,646,0.8141689301788505
PKIS1,647,0.7900492942653318
PKIS1,648,0.912015641197234
PKIS1,649,0.8057919668280651
PKIS1,650,0.8638673472511997
PKIS1,651,0.8838404912805575
PKIS1,652,0.8993837123349387
PKIS1,653,0.844018423020903
PKIS1,654,0.8315072148083997
PKIS1,655,0.8956746141094447
PKIS1,656,0.7999168952048533
PKIS1,657,0.895347443652762
PKIS1,658,0.8631290267553703
PKIS1,659,0.838708464004689
PKIS1,660,0.71218097600021
PKIS1,661,0.7419849799017614
PKIS1,662,0.7366347806689499
PKIS1,663,0.8568375563691079
PKIS1,664,0.8665197023973548
PKIS1,665,0.7841497285972348
PKIS1,666,0.8168667742655068
PKIS1,667,0.726611467586943
PKIS1,668,0.8157995337383599
PKIS1,669,0.8659335948947413
PKIS1,670,0.8248308380025108
PKIS1,671,0.8120659414679806
PKIS1,672,0.8209590293359929
PKIS1,673,0.8198253049727287
PKIS1,674,0.8915036281803986
PKIS1,675,0.8883298997931129
PKIS1,676,0.8420781447510575
PKIS1,677,0.7649498965563997
PKIS1,678,0.7510862671512989
PKIS1,679,0.8895423550149372
PKIS1,680,0.8204096629007073
PKIS1,681,0.8456910163716447
PKIS1,682,0.8377024585897554
PKIS1,683,0.8791411338118421
PKIS1,684,0.8747776946729828
PKIS1,685,0.8407012295135746
PKIS1,686,0.7957826503431354
PKIS1,687,0.9009075918417335
PKIS1,688,0.722267273769065
PKIS1,689,0.8287341390124526
PKIS1,690,0.869444991186518
PKIS1,691,0.7855248942600832
PKIS1,692,0.8569040402052253
PKIS1,693,0.8392490825668011
PKIS1,694,0.8588985552887455
PKIS1,695,0.8986716354586292
PKIS1,696,0.878988920818626
PKIS1,697,0.8400818800929025
PKIS1,698,0.8531774462333847
PKIS1,699,0.8309998381643463
PKIS1,700,0.8550022525773422
PKIS1,701,0.9174130789451815
PKIS1,702,0.8119329737957459
PKIS1,703,0.7434038849304764
PKIS1,704,0.7461384700844608
PKIS1,705,0.9098479182248818
PKIS1,706,0.814112943790541
PKIS1,707,0.7727652464494571
PKIS1,708,0.8206283597300408
PKIS1,709,0.8529727460011286
PKIS1,710,0.8703075314814086
PKIS1,711,0.8692525379767044
PKIS1,712,0.9294309071107089
PKIS1,713,0.8050938865488328
PKIS1,714,0.8372755623788967
PKIS1,715,0.6992498698753865
PKIS1,716,0.8409094288951
PKIS1,717,0.8485148298319971
PKIS1,718,0.8607006171624525
PKIS1,719,0.6991378970987681
PKIS1,720,0.8588093269823776
PKIS1,721,0.7946944149203726
PKIS1,722,0.9145752688877516
PKIS1,723,0.8150542149439918
PKIS1,724,0.7803898927073356
PKIS1,725,0.8342103076189603
PKIS1,726,0.801794188787851
PKIS1,727,0.8542324397380888
PKIS1,728,0.8009928836051735
PKIS1,729,0.787578894881182
PKIS1,730,0.8295809331356315
PKIS1,731,0.8290613094691355
PKIS1,732,0.8182506878015284
PKIS1,733,0.842606516290727
PKIS1,734,0.8752955687648442
PKIS1,735,0.8114920809878099
PKIS1,736,0.7893547131353691
PKIS1,737,0.799839913920928
PKIS1,738,0.7724573213137557
PKIS1,739,0.9080773486945987
PKIS1,740,0.836638717211878
PKIS1,741,0.8623959549834448
PKIS1,742,0.8626636399025488
PKIS1,743,0.8236516246987452
PKIS1,744,0.8320005948553758
PKIS1,745,0.8167583006381575
PKIS1,746,0.9062000551116012
PKIS1,747,0.7811474585241465
PKIS1,748,0.8374085300511315
PKIS1,749,0.7642010786127623
PKIS1,750,0.7692923407996433
PKIS1,751,0.7750729353925827
PKIS1,752,0.9208352469305902
PKIS1,753,0.8140289642080769
PKIS1,754,0.8311503015829278
PKIS1,755,0.8256233953120149
PKIS1,756,0.7980221058755091
PKIS1,757,0.747319432962861
PKIS1,758,0.8300235755182022
PKIS1,759,0.8045217756432969
PKIS1,760,0.8908510368416679
PKIS1,761,0.8138102673787437
PKIS1,762,0.9141658684232398
PKIS1,763,0.8556845866848624
PKIS1,764,0.8132381564732074
PKIS1,765,0.8732993041066892
PKIS1,766,0.8346144593595684
PKIS1,767,0.8365652350772219
PKIS1,768,0.8681240623373443
PKIS1,769,0.8676954165518509
PKIS1,770,0.843546037869543
PKIS1,771,0.8001180962878401
PKIS1,772,0.898893831437232
PKIS1,773,0.8760041464918844
PKIS1,774,0.8841956549313948
PKIS1,775,0.8809781871782425
PKIS1,776,0.843304596569959
PKIS1,777,0.8031641057267953
PKIS1,778,0.8376482217760808
PKIS1,779,0.8066545071229558
PKIS1,780,0.8266136545552363
PKIS1,781,0.7813644057788451
PKIS1,782,0.8436860038403164
PKIS1,783,0.8749648991588921
PKIS1,784,0.7920770512669109
PKIS1,785,0.7773683773132658
PKIS1,786,0.8932007155760258
PKIS1,787,0.8896088388510545
PKIS1,788,0.8739046569302839
PKIS1,789,0.7378804778088328
PKIS1,790,0.8353510302807631
PKIS1,791,0.9024122260275472
PKIS1,792,0.8234084338245266
PKIS1,793,0.786497657756958
PKIS1,794,0.9432840390680016
PKIS1,795,0.7915521788765109
PKIS1,796,0.8478447427469197
PKIS1,797,0.7594247398601216
PKIS1,798,0.8061436313296332
PKIS1,799,0.8872836541615821
PKIS1,800,0.7961798037852048
PKIS1,801,0.8273537246257003
PKIS1,802,0.8420064121910361
PKIS1,803,0.8055575238270195
PKIS1,804,0.8755370100644282
PKIS1,805,0.7777917743748552
PKIS1,806,0.8531424547406913
PKIS1,807,0.7325740179418879
PKIS1,808,0.828532937929466
PKIS1,809,0.9154762998246051
PKIS1,810,0.8633477235847036
PKIS1,811,0.8711630734777609
PKIS1,812,0.8324607329842934
PKIS1,813,0.8367681857348434
PKIS1,814,0.8328368915307467
PKIS1,815,0.8823498536918213
PKIS1,816,0.6633048590061541
PKIS1,817,0.8598590717631777
PKIS1,818,0.894896053397018
PKIS1,819,0.8383952901450835
PKIS1,820,0.8166253329659227
PKIS1,821,0.8414570457557506
PKIS1,822,0.8513333945684457
PKIS1,823,0.8653439882428585
PKIS1,824,0.8288233673188208
PKIS1,825,0.8474843303721784
PKIS1,826,0.8750401308681827
PKIS1,827,0.9367721222777713
PKIS1,828,0.8579257917918708
PKIS1,829,0.799063102783136
PKIS1,830,0.7861967309197953
PKIS1,831,0.8776714911187219
PKIS1,832,0.7218263809611288
PKIS1,833,0.7317902085055572
PKIS1,834,0.7649673923027465
PKIS1,835,0.870179812533078
PKIS1,836,0.868676927921899
PKIS1,837,0.8308266302755145
PKIS1,838,0.8248518328981267
PKIS1,839,0.8729161472616971
PKIS1,840,0.7847655788686376
PKIS1,841,0.8741758409986573
PKIS1,842,0.8615439121363618
PKIS1,843,0.8016069843019417
PKIS1,844,0.7921242897820469
PKIS1,845,0.8992157531700107
PKIS1,846,0.8083445962200441
PKIS1,847,0.8476557886863756
PKIS1,848,0.8639338310873169
PKIS1,849,0.8209957704033208
PKIS1,850,0.8151889321908612
PKIS1,851,0.8501716770110268
PKIS1,852,0.8694065005445551
PKIS1,853,0.8923276778333268
PKIS1,854,0.8236026366089745
PKIS1,855,0.8056589991558303
PKIS1,856,0.8192514444925577
PKIS1,857,0.7154701763133838
PKIS1,858,0.7163449636307174
PKIS1,859,0.8577858258210972
PKIS1,860,0.9039483525567847
PKIS1,861,0.8142686559330263
PKIS1,862,0.8925341276402176
PKIS1,863,0.8304364751319836
PKIS1,864,0.79922581322416
PKIS1,865,0.8011450965983896
PKIS1,866,0.8005694865435842
PKIS1,867,0.9102013323010844
PKIS1,868,0.9053042728986516
PKIS1,869,0.8354997441247098
PKIS1,870,0.759816644578287
PKIS1,871,0.8263039798449003
PKIS1,872,0.7631040953168261
PKIS1,873,0.7904761904761907
PKIS1,874,0.8868042707116833
PKIS1,875,0.8066807507424758
PKIS1,876,0.7068027835732439
PKIS1,877,0.8222852069090704
PKIS1,878,0.8637676214970236
PKIS1,879,0.7122981975007326
PKIS1,880,0.9032292773819366
PKIS1,881,0.8214069204424675
PKIS1,882,0.8069379382137718
PKIS1,883,0.8282617538610925
PKIS1,884,0.7655902408726878
PKIS1,885,0.7839887677308456
PKIS1,886,0.7867688418253314
PKIS1,887,0.8656781569980799
PKIS1,888,0.7405870697686626
PKIS1,889,0.8605431554453324
PKIS1,890,0.8526473251190805
PKIS1,891,0.8685981970633391
PKIS1,892,0.848653046228136
PKIS1,893,0.8429459337698523
PKIS1,894,0.8741058580132707
PKIS1,895,0.8584629112047134
PKIS1,896,0.7495378935996188
PKIS1,897,0.8611397603957539
PKIS1,898,0.8517060539656296
PKIS1,899,0.8073840797456119
PKIS1,900,0.8195523713297207
PKIS1,901,0.8144628587174744
PKIS1,902,0.7771129394166044
PKIS1,903,0.7543719683152035
PKIS1,904,0.8076990031798519
PKIS1,905,0.9257235584598495
PKIS1,906,0.8606656256697591
PKIS1,907,0.8515433435246056
PKIS1,908,0.847533318461949
PKIS1,909,0.8190414955363978
PKIS1,910,0.7158253399642214
PKIS1,911,0.7792771632396874
PKIS1,912,0.8887165557873743
PKIS1,913,0.7524526849409737
PKIS1,914,0.7774348611493832
PKIS1,915,0.8926495995661056
PKIS1,916,0.824503667545828
PKIS1,917,0.8916838343677694
PKIS1,918,0.8828274875670853
PKIS1,919,0.7868458231092567
PKIS1,920,0.8219807809226384
PKIS1,921,0.7770726992000071
PKIS1,922,0.9029266009701392
PKIS1,923,0.8798024730237461
PKIS1,924,0.7469590205881195
PKIS1,925,0.8141899250744664
PKIS1,926,0.8372405708862034
PKIS1,927,0.7594912236962389
PKIS1,928,0.8668048830628055
PKIS1,929,0.8610312867684046
PKIS1,930,0.8726187195738037
PKIS1,931,0.8794193161787541
PKIS1,932,0.7181137835863657
PKIS1,933,0.8526193319249259
PKIS1,934,0.874151346953772
PKIS1,935,0.8003857812069441
PKIS1,936,0.8544371399703448
PKIS1,937,0.7982250565331306
PKIS1,938,0.8061628766506145
PKIS1,939,0.8724350142371636
PKIS1,940,0.8464748258079755
PKIS1,941,0.8569705240413427
PKIS1,942,0.8323522593569439
PKIS1,943,0.8456455274311435
PKIS1,944,0.8748616742554468
PKIS1,945,0.8522116810350484
PKIS1,946,0.8046844860843209
PKIS1,947,0.705357634925009
PKIS1,948,0.7420707090588601
PKIS1,949,0.8142336644403331
PKIS1,950,0.7840272583728082
PKIS1,951,0.7892847301499822
PKIS1,952,0.8234504236157586
PKIS1,953,0.8618920774886606
PKIS1,954,0.8693732586264965
PKIS1,955,0.8521644425199123
PKIS1,956,0.7874196835894274
PKIS1,957,0.866318501314368
PKIS1,958,0.7948956160033591
PKIS1,959,0.8505303398111335
PKIS1,960,0.8668906122199042
PKIS1,961,0.8645076915674879
PKIS1,962,0.8223954301110544
PKIS1,963,0.8590175263639029
PKIS1,964,0.8157925354398213
PKIS1,965,0.9173658404300454
PKIS1,966,0.7950845700639033
PKIS1,967,0.9352272478753605
PKIS1,968,0.8453358527208074
PKIS1,969,0.7268389122894496
PKIS1,970,0.8799126962257303
PKIS1,971,0.8628700897094393
PKIS1,972,0.8395360128068864
PKIS1,973,0.8471011735271862
PKIS1,974,0.9112283326116339
PKIS1,975,0.7075201091734572
PKIS1,976,0.9047794005082516
PKIS1,977,0.8629488205679995
PKIS1,978,0.7840062634771922
PKIS1,979,0.8071828786626252
PKIS1,980,0.7919318365722334
PKIS1,981,0.8310453271048477
PKIS1,982,0.8333215237045495
PKIS1,983,0.792754136650527
PKIS1,984,0.8407012295135746
PKIS1,985,0.8175106177310643
PKIS1,986,0.9095364939399111
PKIS1,987,0.8731295953671264
PKIS1,988,0.8659265965962026
PKIS1,989,0.8618080979061967
PKIS1,990,0.9150196608449572
PKIS1,991,0.739045694515521
PKIS1,992,0.8756139913483536
PKIS1,993,0.8610085422981538
PKIS1,994,0.8995954108657335
PKIS1,995,0.8845525681568669
PKIS1,996,0.8379736426581288
PKIS1,997,0.9054197448245397
PKIS1,998,0.8378196800902781
PKIS1,999,0.9070765920035692
DAVIS,0,0.4656083406522957
DAVIS,1,0.672261454813447
DAVIS,2,0.6764486154841777
DAVIS,3,0.6083205176170889
DAVIS,4,0.5101624842913858
DAVIS,5,0.6293496891841964
DAVIS,6,0.7187895140902492
DAVIS,7,0.6595041743971084
DAVIS,8,0.46626670154056415
DAVIS,9,0.6710730397675829
DAVIS,10,0.5176253327956997
DAVIS,11,0.5514965104630103
DAVIS,12,0.40847640593816603
DAVIS,13,0.72182375032477
DAVIS,14,0.5902968590761372
DAVIS,15,0.5477396249320191
DAVIS,16,0.7874024913383381
DAVIS,17,0.5637260690994502
DAVIS,18,0.6776462724434964
DAVIS,19,0.7005456966465813
DAVIS,20,0.598139793962792
DAVIS,21,0.6481109688376958
DAVIS,22,0.618701203269955
DAVIS,23,0.5670275164350668
DAVIS,24,0.7350644715120689
DAVIS,25,0.5826260622369205
DAVIS,26,0.6034531626621912
DAVIS,27,0.4000113722351254
DAVIS,28,0.4964443152180384
DAVIS,29,0.6724902175367876
DAVIS,30,0.6295806403092792
DAVIS,31,0.5323957070225803
DAVIS,32,0.7716719247541264
DAVIS,33,0.5836957139795388
DAVIS,34,0.612615757162119
DAVIS,35,0.7547159086201926
DAVIS,36,0.3675605313963836
DAVIS,37,0.7218679305917066
DAVIS,38,0.6881127534798627
DAVIS,39,0.718952392074646
DAVIS,40,0.7702746679082535
DAVIS,41,0.5790250891027267
DAVIS,42,0.541546270539115
DAVIS,43,0.6763359957303798
DAVIS,44,0.4712446397131164
DAVIS,45,0.6127999415163377
DAVIS,46,0.43599269648896094
DAVIS,47,0.6503889878543188
DAVIS,48,0.6449815638572873
DAVIS,49,0.6260495710692304
DAVIS,50,0.7009649285913783
DAVIS,51,0.5953648154456231
DAVIS,52,0.5507266915628827
DAVIS,53,0.5990810947604776
DAVIS,54,0.7923710947245299
DAVIS,55,0.6677190358094189
DAVIS,56,0.5604053764428524
DAVIS,57,0.7496461457674477
DAVIS,58,0.5413052701561933
DAVIS,59,0.7672887478993163
DAVIS,60,0.5446172149396178
DAVIS,61,0.7296535990134518
DAVIS,62,0.7045893151236337
DAVIS,63,0.5894658111246704
DAVIS,64,0.6973853070158174
DAVIS,65,0.625975090583651
DAVIS,66,0.4691895532898565
DAVIS,67,0.6966249321924161
DAVIS,68,0.7886443858336942
DAVIS,69,0.7113047498072798
DAVIS,70,0.5915445891537399
DAVIS,71,0.5533895452259224
DAVIS,72,0.7216884677702103
DAVIS,73,0.5577845312063253
DAVIS,74,0.47065394725907267
DAVIS,75,0.6868751284843874
DAVIS,76,0.6621246993964748
DAVIS,77,0.5354465028514143
DAVIS,78,0.584755956208147
DAVIS,79,0.5274801313930552
DAVIS,80,0.6739669970685465
DAVIS,81,0.6209126656081742
DAVIS,82,0.7085137655179606
DAVIS,83,0.7295210102043941
DAVIS,84,0.5359369576071819
DAVIS,85,0.5467297568416519
DAVIS,86,0.5077099380213186
DAVIS,87,0.7190204754554392
DAVIS,88,0.5971984931651064
DAVIS,89,0.626466008630872
DAVIS,90,0.6932933014139974
DAVIS,91,0.6466155087216187
DAVIS,92,0.656170011025248
DAVIS,93,0.6727198388481479
DAVIS,94,0.474894281135085
DAVIS,95,0.7963432417105621
DAVIS,96,0.6748958557708521
DAVIS,97,0.6416293788572655
DAVIS,98,0.56153039999081
DAVIS,99,0.6101807458023315
DAVIS,100,0.5818149212472719
DAVIS,101,0.5596294721840176
DAVIS,102,0.6612748949617122
DAVIS,103,0.5577827640654867
DAVIS,104,0.7014557035961079
DAVIS,105,0.6780033928682875
DAVIS,106,0.5460833584834688
DAVIS,107,0.6588976805014282
DAVIS,108,0.49808769988404333
DAVIS,109,0.6532412000279443
DAVIS,110,0.4880049884883785
DAVIS,111,0.5658878312543687
DAVIS,112,0.6697170500422086
DAVIS,113,0.7081397851374991
DAVIS,114,0.6547191767318324
DAVIS,115,0.7518322564849691
DAVIS,116,0.6474688547247764
DAVIS,117,0.621271648695508
DAVIS,118,0.6998117443088459
DAVIS,119,0.5875072940603099
DAVIS,120,0.7308681826730876
DAVIS,121,0.4514068767031016
DAVIS,122,0.717006225063961
DAVIS,123,0.651397254042611
DAVIS,124,0.5495611493807121
DAVIS,125,0.7015488109453389
DAVIS,126,0.44697697368079814
DAVIS,127,0.5491196946088663
DAVIS,128,0.5594939100721974
DAVIS,129,0.6671049492460133
DAVIS,130,0.634052589148059
DAVIS,131,0.6807794361810563
DAVIS,132,0.5992109418397652
DAVIS,133,0.46800877594996626
DAVIS,134,0.5094845187827507
DAVIS,135,0.7087265316729483
DAVIS,136,0.5294639436236763
DAVIS,137,0.6294150331150987
DAVIS,138,0.6198404515718894
DAVIS,139,0.702556565934907
DAVIS,140,0.6785996404624126
DAVIS,141,0.6205091057973182
DAVIS,142,0.665943217555232
DAVIS,143,0.6634727678794035
DAVIS,144,0.6370076439715032
DAVIS,145,0.7441330081072213
DAVIS,146,0.6332408189873239
DAVIS,147,0.8090831632109367
DAVIS,148,0.6090592974583054
DAVIS,149,0.6559093223522503
DAVIS,150,0.6269032091572737
DAVIS,151,0.6179740943618102
DAVIS,152,0.6820266201555859
DAVIS,153,0.4379244494556033
DAVIS,154,0.6255052990241748
DAVIS,155,0.6432749922488427
DAVIS,156,0.5821088497858958
DAVIS,157,0.6858907237158093
DAVIS,158,0.7725498845138901
DAVIS,159,0.5627449376179318
DAVIS,160,0.6707807914200861
DAVIS,161,0.5970865168620361
DAVIS,162,0.7797951012484924
DAVIS,163,0.7776728024973207
DAVIS,164,0.7093163833428078
DAVIS,165,0.603436164582486
DAVIS,166,0.6366745834918887
DAVIS,167,0.4526298293727338
DAVIS,168,0.47221631740783027
DAVIS,169,0.6296272968634501
DAVIS,170,0.7761716180663235
DAVIS,171,0.6256414428699602
DAVIS,172,0.6850054110696588
DAVIS,173,0.5010982954769123
DAVIS,174,0.7585279313276699
DAVIS,175,0.6716275855432648
DAVIS,176,0.5829240094257532
DAVIS,177,0.6592029225329098
DAVIS,178,0.734250110441899
DAVIS,179,0.558184663513765
DAVIS,180,0.6711141204239752
DAVIS,181,0.7624602518512689
DAVIS,182,0.633518089888993
DAVIS,183,0.4840245082494393
DAVIS,184,0.6909088525140732
DAVIS,185,0.6787406387125762
DAVIS,186,0.6294861603035635
DAVIS,187,0.5449803722679328
DAVIS,188,0.5676285903917071
DAVIS,189,0.5192326365652351
DAVIS,190,0.6349378808832058
DAVIS,191,0.5545408022674487
DAVIS,192,0.7224746023372938
DAVIS,193,0.7034010249306909
DAVIS,194,0.6440374902003959
DAVIS,195,0.7351604851608443
DAVIS,196,0.6212657087658339
DAVIS,197,0.709964264938087
DAVIS,198,0.41016650834162804
DAVIS,199,0.6967840280336395
DAVIS,200,0.7639102128801141
DAVIS,201,0.7522967722076598
DAVIS,202,0.7356025316344964
DAVIS,203,0.478370133953803
DAVIS,204,0.7276718817989541
DAVIS,205,0.5590154757527883
DAVIS,206,0.7001784638333532
DAVIS,207,0.6428113403689418
DAVIS,208,0.6145787953574444
DAVIS,209,0.7356211131493977
DAVIS,210,0.6171670173360835
DAVIS,211,0.449582070359144
DAVIS,212,0.37389674928589267
DAVIS,213,0.6604985412921485
DAVIS,214,0.5313274460146877
DAVIS,215,0.46606656256697593
DAVIS,216,0.5870734796025889
DAVIS,217,0.6822843676236677
DAVIS,218,0.7403467795502334
DAVIS,219,0.4934611965190533
DAVIS,220,0.7810015010423197
DAVIS,221,0.7597923175272961
DAVIS,222,0.7581256110604727
DAVIS,223,0.5810663041699574
DAVIS,224,0.6380672449010835
DAVIS,225,0.6211964146168826
DAVIS,226,0.6257731239006044
DAVIS,227,0.5702992210018939
DAVIS,228,0.5991007186377814
DAVIS,229,0.6023148172277316
DAVIS,230,0.6254428645854955
DAVIS,231,0.5984288819780691
DAVIS,232,0.6030518942144605
DAVIS,233,0.3781871782422899
DAVIS,234,0.5837586986663867
DAVIS,235,0.547720960341517
DAVIS,236,0.7356217769554777
DAVIS,237,0.6934642375596118
DAVIS,238,0.7534961150622904
DAVIS,239,0.5755532975893962
DAVIS,240,0.5925952173310715
DAVIS,241,0.7374260593909008
DAVIS,242,0.5378393628049181
DAVIS,243,0.6682387093146012
DAVIS,244,0.6852311133055352
DAVIS,245,0.7103905190809898
DAVIS,246,0.47465808669981857
DAVIS,247,0.4248179731071594
DAVIS,248,0.6501820446941418
DAVIS,249,0.8008121653339073
DAVIS,250,0.7099268422533022
DAVIS,251,0.642687116657723
DAVIS,252,0.524428522834795
DAVIS,253,0.5226852619906935
DAVIS,254,0.7159248677549744
DAVIS,255,0.714234850850788
DAVIS,256,0.6779620115868364
DAVIS,257,0.6723204170985929
DAVIS,258,0.5206346959407169
DAVIS,259,0.7030132049145553
DAVIS,260,0.7373567185161275
DAVIS,261,0.6841373192770295
DAVIS,262,0.570117724119423
DAVIS,263,0.6898781298829569
DAVIS,264,0.5187923291206572
DAVIS,265,0.6261403946165589
DAVIS,266,0.4992332489163573
DAVIS,267,0.5729435844252594
DAVIS,268,0.7318939469716641
DAVIS,269,0.7464041584448647
DAVIS,270,0.5096928165814133
DAVIS,271,0.7536713796681139
DAVIS,272,0.6871189637901126
DAVIS,273,0.6557842614323383
DAVIS,274,0.5464279528410337
DAVIS,275,0.5764262313724976
DAVIS,276,0.6623477059952566
DAVIS,277,0.699802996366799
DAVIS,278,0.6137867326871457
DAVIS,279,0.5534297557024618
DAVIS,280,0.5909855579744344
DAVIS,281,0.6663333597638642
DAVIS,282,0.45215394507210444
DAVIS,283,0.7108757933227486
DAVIS,284,0.6585127740818014
DAVIS,285,0.6214042960805154
DAVIS,286,0.6418183329178093
DAVIS,287,0.6807284353209399
DAVIS,288,0.7673789434201456
DAVIS,289,0.6363133341172094
DAVIS,290,0.6331671173764967
DAVIS,291,0.5760502191707673
DAVIS,292,0.6260762155896914
DAVIS,293,0.5819452211312346
DAVIS,294,0.5863272223685935
DAVIS,295,0.5709318133086184
DAVIS,296,0.7435305257213003
DAVIS,297,0.6769501475488691
DAVIS,298,0.5837499507932135
DAVIS,299,0.638999768181361
DAVIS,300,0.6233398593174194
DAVIS,301,0.6848633336580396
DAVIS,302,0.6251498085269241
DAVIS,303,0.6818656455588038
DAVIS,304,0.7074486977157937
DAVIS,305,0.4771151263848977
DAVIS,306,0.5838741705922748
DAVIS,307,0.47173604409365927
DAVIS,308,0.7283142890860708
DAVIS,309,0.644327069478756
DAVIS,310,0.6059895873277453
DAVIS,311,0.7049677813512916
DAVIS,312,0.6151027970860541
DAVIS,313,0.5662926950885068
DAVIS,314,0.5522802489662546
DAVIS,315,0.6340333436755557
DAVIS,316,0.4662597030216223
DAVIS,317,0.527107471995871
DAVIS,318,0.7983737703770771
DAVIS,319,0.77788975446656
DAVIS,320,0.6746456646283107
DAVIS,321,0.6691886983794515
DAVIS,322,0.6097888287415851
DAVIS,323,0.6282047757937157
DAVIS,324,0.5889307040701247
DAVIS,325,0.6531293329309313
DAVIS,326,0.7776098137088839
DAVIS,327,0.6165055849555526
DAVIS,328,0.5904671175391496
DAVIS,329,0.5956330617118714
DAVIS,330,0.564364941549181
DAVIS,331,0.708670870785789
DAVIS,332,0.6508047732646791
DAVIS,333,0.5069099994383467
DAVIS,334,0.47169494416669955
DAVIS,335,0.6248410061726682
DAVIS,336,0.6721839937363115
DAVIS,337,0.5902623513703659
DAVIS,338,0.7251139231256896
DAVIS,339,0.6125566971530048
DAVIS,340,0.5314431488028218
DAVIS,341,0.5958985182716483
DAVIS,342,0.8101836906627194
DAVIS,343,0.6906202816001633
DAVIS,344,0.49898625554712656
DAVIS,345,0.5190328975269471
DAVIS,346,0.6643675319161955
DAVIS,347,0.5069239961456217
DAVIS,348,0.5846394048818824
DAVIS,349,0.6476442667063347
DAVIS,350,0.6794201909660714
DAVIS,351,0.6178837678627651
DAVIS,352,0.6550099421144118
DAVIS,353,0.6132071180444898
DAVIS,354,0.6867859001780192
DAVIS,355,0.5438928910408657
DAVIS,356,0.6282678773723139
DAVIS,357,0.5276428418340791
DAVIS,358,0.5682889597466617
DAVIS,359,0.5494685939813462
DAVIS,360,0.479706048134707
DAVIS,361,0.7083362334594699
DAVIS,362,0.6339662419574242
DAVIS,363,0.7040775153289244
DAVIS,364,0.7003576158925728
DAVIS,365,0.6466186007044963
DAVIS,366,0.5788588742778565
DAVIS,367,0.5397207022904636
DAVIS,368,0.6207985821527937
DAVIS,369,0.5672690499735794
DAVIS,370,0.5891012889400393
DAVIS,371,0.5488686286721202
DAVIS,372,0.45429987596826205
DAVIS,373,0.620845821039847
DAVIS,374,0.5921511782967392
DAVIS,375,0.5511378796030215
DAVIS,376,0.5668326164338384
DAVIS,377,0.56596027590792
DAVIS,378,0.6371204368887491
DAVIS,379,0.5876724971241368
DAVIS,380,0.6629837830855821
DAVIS,381,0.6598247399167015
DAVIS,382,0.499623404059888
DAVIS,383,0.6299527177454982
DAVIS,384,0.807022148064686
DAVIS,385,0.5382758863911344
DAVIS,386,0.4944534110144471
DAVIS,387,0.7211702577019288
DAVIS,388,0.5010235415931927
DAVIS,389,0.6991065497913362
DAVIS,390,0.43430653422386684
DAVIS,391,0.6988714801309179
DAVIS,392,0.632571562559518
DAVIS,393,0.5863929260823176
DAVIS,394,0.6577227003010191
DAVIS,395,0.5662622637968608
DAVIS,396,0.5013156904993512
DAVIS,397,0.6349228846394067
DAVIS,398,0.5437196831520337
DAVIS,399,0.7251230398273599
DAVIS,400,0.6468792295039214
DAVIS,401,0.5711407664011688
DAVIS,402,0.6735600450202898
DAVIS,403,0.7030044570413819
DAVIS,404,0.7042478389004138
DAVIS,405,0.5578116498266708
DAVIS,406,0.4217778128883057
DAVIS,407,0.7488345645964825
DAVIS,408,0.5921881492562122
DAVIS,409,0.7084150808226524
DAVIS,410,0.6408617789933904
DAVIS,411,0.6320116942685161
DAVIS,412,0.537116208048892
DAVIS,413,0.6156884357490586
DAVIS,414,0.6823201904187494
DAVIS,415,0.6397326279191142
DAVIS,416,0.6012736903340375
DAVIS,417,0.6182430939634556
DAVIS,418,0.6422891826609732
DAVIS,419,0.5231216856396703
DAVIS,420,0.5770714300086697
DAVIS,421,0.605750721802778
DAVIS,422,0.6659945916165246
DAVIS,423,0.6635722824136141
DAVIS,424,0.6927644021958594
DAVIS,425,0.5632941681510703
DAVIS,426,0.7007521480788882
DAVIS,427,0.727059663378134
DAVIS,428,0.7075178826717257
DAVIS,429,0.5489386642872452
DAVIS,430,0.647142288531101
DAVIS,431,0.6377628189146515
DAVIS,432,0.6463648383616916
DAVIS,433,0.49369039801440057
DAVIS,434,0.7248602268140458
DAVIS,435,0.7143027103095436
DAVIS,436,0.6041707676609746
DAVIS,437,0.6613693800511277
DAVIS,438,0.684197152626328
DAVIS,439,0.7100588342329708
DAVIS,440,0.6971445819859331
DAVIS,441,0.5624306612770574
DAVIS,442,0.6727552343519745
DAVIS,443,0.7845051044963912
DAVIS,444,0.6032435528217445
DAVIS,445,0.4970501860760455
DAVIS,446,0.7740204185556814
DAVIS,447,0.3655307553351092
DAVIS,448,0.7563198960183077
DAVIS,449,0.4299963433735515
DAVIS,450,0.6060521762443265
DAVIS,451,0.5823317278930276
DAVIS,452,0.5933253727687456
DAVIS,453,0.677476498674689
DAVIS,454,0.7762136091799747
DAVIS,455,0.6118114007157943
DAVIS,456,0.5815974859704799
DAVIS,457,0.6625210169513007
DAVIS,458,0.644639348613223
DAVIS,459,0.6352483183323827
DAVIS,460,0.7232615190764443
DAVIS,461,0.47901490720287054
DAVIS,462,0.3880110123619702
DAVIS,463,0.6780061103347443
DAVIS,464,0.709212954911051
DAVIS,465,0.7384650914998203
DAVIS,466,0.6910018287881302
DAVIS,467,0.6668599946637974
DAVIS,468,0.4416241079422972
DAVIS,469,0.7042629860599996
DAVIS,470,0.7189528564355049
DAVIS,471,0.7730257838019393
DAVIS,472,0.6231801143347024
DAVIS,473,0.6525992118166271
DAVIS,474,0.6157361480902499
DAVIS,475,0.5507179436208357
DAVIS,476,0.6300230079879074
DAVIS,477,0.626837286547772
DAVIS,478,0.538880359712545
DAVIS,479,0.6676630494211095
DAVIS,480,0.7905829145289053
DAVIS,481,0.7111032380252553
DAVIS,482,0.7062616019800286
DAVIS,483,0.6349412558962684
DAVIS,484,0.6488458133265953
DAVIS,485,0.6568400259990886
DAVIS,486,0.8054976353352568
DAVIS,487,0.6761662816460386
DAVIS,488,0.6398570597523477
DAVIS,489,0.585070879642387
DAVIS,490,0.6048581749212423
DAVIS,491,0.7009252920327464
DAVIS,492,0.5471444092946752
DAVIS,493,0.6230702680635765
DAVIS,494,0.5273422807150792
DAVIS,495,0.5463352972308608
DAVIS,496,0.5491501613694897
DAVIS,497,0.6011564688335149
DAVIS,498,0.5147121992861337
DAVIS,499,0.637803900066012
DAVIS,500,0.6589079339353126
DAVIS,501,0.5244621151482547
DAVIS,502,0.5071227988712241
DAVIS,503,0.7202879915226973
DAVIS,504,0.563701575054565
DAVIS,505,0.5222180232262251
DAVIS,506,0.5758464071505695
DAVIS,507,0.5730413554074019
DAVIS,508,0.696910688588837
DAVIS,509,0.779284185258377
DAVIS,510,0.43437556316223197
DAVIS,511,0.5437677036645701
DAVIS,512,0.716732787026391
DAVIS,513,0.5441548785953128
DAVIS,514,0.6794536342299171
DAVIS,515,0.7283173150737245
DAVIS,516,0.627230069145678
DAVIS,517,0.6777301018689832
DAVIS,518,0.7241130750086386
DAVIS,519,0.6433912005143749
DAVIS,520,0.6803047083384532
DAVIS,521,0.6779103966002155
DAVIS,522,0.6357690806836546
DAVIS,523,0.5875327821205815
DAVIS,524,0.597484111675349
DAVIS,525,0.7170082847620348
DAVIS,526,0.5148155146661344
DAVIS,527,0.632851496705019
DAVIS,528,0.5767225763708416
DAVIS,529,0.7011021098742716
DAVIS,530,0.4749246589422947
DAVIS,531,0.6565459337924212
DAVIS,532,0.6971095050105572
DAVIS,533,0.49995932135660776
DAVIS,534,0.5950731978287779
DAVIS,535,0.5935070753121309
DAVIS,536,0.6186212193773192
DAVIS,537,0.48911231134391914
DAVIS,538,0.4484192354709923
DAVIS,539,0.6350822219269797
DAVIS,540,0.6104414614196924
DAVIS,541,0.470841151744982
DAVIS,542,0.645083039186098
DAVIS,543,0.7014867992582311
DAVIS,544,0.6264751947535552
DAVIS,545,0.7363286051078832
DAVIS,546,0.6646397844524051
DAVIS,547,0.549685732656248
DAVIS,548,0.7075411040690733
DAVIS,549,0.5767938092742492
DAVIS,550,0.5720909156298333
DAVIS,551,0.5716923908813507
DAVIS,552,0.8057031782398478
DAVIS,553,0.6955346828177479
DAVIS,554,0.7179561878778612
DAVIS,555,0.7108806852275998
DAVIS,556,0.7676194279193213
DAVIS,557,0.7584922165798441
DAVIS,558,0.5363049858503153
DAVIS,559,0.6263837494858118
DAVIS,560,0.5391987822960543
DAVIS,561,0.661506134092493
DAVIS,562,0.7527465031100178
DAVIS,563,0.5465872359782529
DAVIS,564,0.41747037751446686
DAVIS,565,0.7497514128697278
DAVIS,566,0.5448639049631059
DAVIS,567,0.7816767355721892
DAVIS,568,0.32336075791573177
DAVIS,569,0.468173050427115
DAVIS,570,0.5275592271099366
DAVIS,571,0.49958666299256
DAVIS,572,0.47356721832656956
DAVIS,573,0.6357962970252858
DAVIS,574,0.6330754440214197
DAVIS,575,0.5242422970158789
DAVIS,576,0.7251611631285475
DAVIS,577,0.7357359252497588
DAVIS,578,0.7604288591344623
DAVIS,579,0.5110306306779164
DAVIS,580,0.3988947850141914
DAVIS,581,0.6111377921242899
DAVIS,582,0.6007825661872433
DAVIS,583,0.649332755973704
DAVIS,584,0.5871958599673953
DAVIS,585,0.6355163650837391
DAVIS,586,0.593163833226622
DAVIS,587,0.5197242670375766
DAVIS,588,0.7165561801808262
DAVIS,589,0.7092661846588549
DAVIS,590,0.5692793270559581
DAVIS,591,0.4492278191694668
DAVIS,592,0.6858813700918964
DAVIS,593,0.5831509331600756
DAVIS,594,0.7182116338192404
DAVIS,595,0.36147458811435196
DAVIS,596,0.557518640394267
DAVIS,597,0.6413448736383587
DAVIS,598,0.7187965281390385
DAVIS,599,0.7168256167958709
DAVIS,600,0.5574329085372287
DAVIS,601,0.7851280303828707
DAVIS,602,0.6147126388707621
DAVIS,603,0.5275218437749718
DAVIS,604,0.5720987887776755
DAVIS,605,0.4880229698625535
DAVIS,606,0.5314742207060549
DAVIS,607,0.6549957618467903
DAVIS,608,0.509531545639392
DAVIS,609,0.6382247066182035
DAVIS,610,0.7791092250399567
DAVIS,611,0.42999196940252815
DAVIS,612,0.6624387862960599
DAVIS,613,0.6804266300519205
DAVIS,614,0.6254475630612308
DAVIS,615,0.6037317257837251
DAVIS,616,0.5919583521073586
DAVIS,617,0.6146666841624131
DAVIS,618,0.714488166680938
DAVIS,619,0.6544631233974073
DAVIS,620,0.5231174205353559
DAVIS,621,0.6258439773056962
DAVIS,622,0.43774794753025675
DAVIS,623,0.5147117357092557
DAVIS,624,0.609022490917447
DAVIS,625,0.5421615815047583
DAVIS,626,0.632679162246695
DAVIS,627,0.5846468368497555
DAVIS,628,0.5910854383990559
DAVIS,629,0.7202184591258303
DAVIS,630,0.4472245404407256
DAVIS,631,0.7727751742295881
DAVIS,632,0.47279652463223726
DAVIS,633,0.6812537451832025
DAVIS,634,0.5763166622722112
DAVIS,635,0.40125421314930937
DAVIS,636,0.5374324440342017
DAVIS,637,0.7163657744483143
DAVIS,638,0.6040587913579042
DAVIS,639,0.7413705925910758
DAVIS,640,0.5361387762600218
DAVIS,641,0.6571621024638385
DAVIS,642,0.6459998777051603
DAVIS,643,0.6780765176466471
DAVIS,644,0.7106133571275485
DAVIS,645,0.6056480213217595
DAVIS,646,0.4721404289787194
DAVIS,647,0.6375001531087441
DAVIS,648,0.6763899276988284
DAVIS,649,0.6449581360543697
DAVIS,650,0.534681497521631
DAVIS,651,0.6799941563957882
DAVIS,652,0.7376990813139901
DAVIS,653,0.3697177739051503
DAVIS,654,0.6949894651493264
DAVIS,655,0.566532386813456
DAVIS,656,0.7547776885721619
DAVIS,657,0.7525180951414466
DAVIS,658,0.46606410843293944
DAVIS,659,0.733922555517112
DAVIS,660,0.6062533789114053
DAVIS,661,0.4979993456693696
DAVIS,662,0.5730820574637475
DAVIS,663,0.7025139558325579
DAVIS,664,0.7028317982172126
DAVIS,665,0.5543623456547128
DAVIS,666,0.6771390757789628
DAVIS,667,0.7378424794512708
DAVIS,668,0.5837353012884681
DAVIS,669,0.3912757460842333
DAVIS,670,0.5028999428040455
DAVIS,671,0.6277727477507032
DAVIS,672,0.7147878422058638
DAVIS,673,0.5915358412116929
DAVIS,674,0.7082194983999422
DAVIS,675,0.7333008819380455
DAVIS,676,0.6648479268872505
DAVIS,677,0.5603056881042433
DAVIS,678,0.613942360263661
DAVIS,679,0.6775814739792518
DAVIS,680,0.3921330376552201
DAVIS,681,0.6012716311892924
DAVIS,682,0.4909178865824002
DAVIS,683,0.6511898294319736
DAVIS,684,0.5208402223538376
DAVIS,685,0.4904056096490863
DAVIS,686,0.6971713752094023
DAVIS,687,0.5831550954174267
DAVIS,688,0.5493865068412969
DAVIS,689,0.4299429809270654
DAVIS,690,0.6427216978206296
DAVIS,691,0.5852633902507287
DAVIS,692,0.48365802111118644
DAVIS,693,0.6374356484579687
DAVIS,694,0.5760362213797428
DAVIS,695,0.7048596419024205
DAVIS,696,0.5802445810283527
DAVIS,697,0.6832295368881517
DAVIS,698,0.5647758864902116
DAVIS,699,0.7202849450557783
DAVIS,700,0.6043984306315529
DAVIS,701,0.7386272379651667
DAVIS,702,0.5058608224543653
DAVIS,703,0.7192187509077766
DAVIS,704,0.6150524450011129
DAVIS,705,0.6814186701119349
DAVIS,706,0.6023294203480485
DAVIS,707,0.3961972995315514
DAVIS,708,0.6857791704714061
DAVIS,709,0.7025428518158896
DAVIS,710,0.5005476211876329
DAVIS,711,0.6956505764501798
DAVIS,712,0.6600444745578221
DAVIS,713,0.7133947949796308
DAVIS,714,0.7440256709364397
DAVIS,715,0.6635776956992955
DAVIS,716,0.42885611853663597
DAVIS,717,0.6377638552121269
DAVIS,718,0.7573767021542973
DAVIS,719,0.5617569716898247
DAVIS,720,0.6242542371495722
DAVIS,721,0.7350589524042341
DAVIS,722,0.7576524207552039
DAVIS,723,0.6008520428470828
DAVIS,724,0.5795721556683461
DAVIS,725,0.605112647268489
DAVIS,726,0.7239797393301117
DAVIS,727,0.6775879972474079
DAVIS,728,0.6996761512071189
DAVIS,729,0.714308458755965
DAVIS,730,0.5772905212420231
DAVIS,731,0.6382684459840702
DAVIS,732,0.809950084267785
DAVIS,733,0.5651187305086451
DAVIS,734,0.49976861875456535
DAVIS,735,0.5105316474457652
DAVIS,736,0.7180035603843816
DAVIS,737,0.6873240570368895
DAVIS,738,0.8063109403762725
DAVIS,739,0.6089678653285598
DAVIS,740,0.7206383702623443
DAVIS,741,0.6119740887996606
DAVIS,742,0.8290461573074733
DAVIS,743,0.4464835736811488
DAVIS,744,0.45818483703129237
DAVIS,745,0.6315080895957171
DAVIS,746,0.33621847293243673
DAVIS,747,0.5836924478266134
DAVIS,748,0.5774193781053547
DAVIS,749,0.7046027307403414
DAVIS,750,0.5098321720531697
DAVIS,751,0.6754686550605911
DAVIS,752,0.6836553038752814
DAVIS,753,0.6033049464848859
DAVIS,754,0.6308047605925811
DAVIS,755,0.59133260725986
DAVIS,756,0.6127264058925675
DAVIS,757,0.5730530514768597
DAVIS,758,0.6776653676075005
DAVIS,759,0.5070383232663399
DAVIS,760,0.727683168039667
DAVIS,761,0.6933616426862879
DAVIS,762,0.7368592788774871
DAVIS,763,0.39007644248072865
DAVIS,764,0.5483610783587904
DAVIS,765,0.6425786396141236
DAVIS,766,0.5881775062598862
DAVIS,767,0.7525813603429129
DAVIS,768,0.5264722941780111
DAVIS,769,0.6571359231281448
DAVIS,770,0.47646643437446606
DAVIS,771,0.5416372512853597
DAVIS,772,0.5486482348978906
DAVIS,773,0.6292665900541974
DAVIS,774,0.5754098202313949
DAVIS,775,0.4990341969216145
DAVIS,776,0.7444028920468712
DAVIS,777,0.6851598161744853
DAVIS,778,0.4859487287153311
DAVIS,779,0.5859958889981116
DAVIS,780,0.5874285607222135
DAVIS,781,0.6815953827152179
DAVIS,782,0.8076178829180801
DAVIS,783,0.5778416372519432
DAVIS,784,0.6938107863251548
DAVIS,785,0.6772087286278524
DAVIS,786,0.5985828445459198
DAVIS,787,0.6360849768400059
DAVIS,788,0.6225611258105531
DAVIS,789,0.49939114324903205
DAVIS,790,0.6134356944114843
DAVIS,791,0.5395389484790963
DAVIS,792,0.6905562335157266
DAVIS,793,0.7298516798103463
DAVIS,794,0.5905726453568623
DAVIS,795,0.5620185351570273
DAVIS,796,0.4198148075249205
DAVIS,797,0.5737948711219586
DAVIS,798,0.7126583090388425
DAVIS,799,0.6039013246817114
DAVIS,800,0.5751053682766112
DAVIS,801,0.7020485543229215
DAVIS,802,0.6222421419342222
DAVIS,803,0.5861768519137591
DAVIS,804,0.5529731023415028
DAVIS,805,0.492820563977602
DAVIS,806,0.5643412393847422
DAVIS,807,0.4880354396779452
DAVIS,808,0.5047361358396909
DAVIS,809,0.6477544907761257
DAVIS,810,0.6948378862356172
DAVIS,811,0.6385569045080102
DAVIS,812,0.46526629611826176
DAVIS,813,0.5908753715871518
DAVIS,814,0.45616397013476107
DAVIS,815,0.5805849702791009
DAVIS,816,0.7058883736310457
DAVIS,817,0.6634954631017282
DAVIS,818,0.6984191578712613
DAVIS,819,0.6324248667042826
DAVIS,820,0.5825086019060576
DAVIS,821,0.6670367136863298
DAVIS,822,0.751439473887063
DAVIS,823,0.3593862492181589
DAVIS,824,0.4360768404549416
DAVIS,825,0.5861845739802907
DAVIS,826,0.58256024004164
DAVIS,827,0.49559191201806135
DAVIS,828,0.6743062444768907
DAVIS,829,0.6658522396742292
DAVIS,830,0.6758301359814615
DAVIS,831,0.5567523025701289
DAVIS,832,0.6416579515089345
DAVIS,833,0.6519916475909795
DAVIS,834,0.7065975916351568
DAVIS,835,0.6164111772903583
DAVIS,836,0.6960558896850754
DAVIS,837,0.4380821162854781
DAVIS,838,0.7388095343085529
DAVIS,839,0.6293214375004539
DAVIS,840,0.6522579313418722
DAVIS,841,0.6414614196923373
DAVIS,842,0.6786962462435356
DAVIS,843,0.6543915544071123
DAVIS,844,0.4214270333350301
DAVIS,845,0.5686948610619044
DAVIS,846,0.7321878778244401
DAVIS,847,0.5499042517854794
DAVIS,848,0.49992060809801425
DAVIS,849,0.6554282740008835
DAVIS,850,0.6402717960427378
DAVIS,851,0.5863953076408299
DAVIS,852,0.6263885171207658
DAVIS,853,0.5784296744370204
DAVIS,854,0.8283357470401418
DAVIS,855,0.47539140787863365
DAVIS,856,0.6997355438126235
DAVIS,857,0.49689231805517287
DAVIS,858,0.5081997044520125
DAVIS,859,0.7140849218279689
DAVIS,860,0.7151358959756526
DAVIS,861,0.5713197197476945
DAVIS,862,0.6025068697825378
DAVIS,863,0.7116459603098986
DAVIS,864,0.47775547070118585
DAVIS,865,0.5087178302833394
DAVIS,866,0.6437946322802788
DAVIS,867,0.5703487439140862
DAVIS,868,0.5869281666178677
DAVIS,869,0.5473255564740823
DAVIS,870,0.6778998106085458
DAVIS,871,0.7410443018671903
DAVIS,872,0.5914966622158145
DAVIS,873,0.559659215186977
DAVIS,874,0.667980607582774
DAVIS,875,0.6267852253112908
DAVIS,876,0.5751840333818842
DAVIS,877,0.6534897453056727
DAVIS,878,0.5770345291229451
DAVIS,879,0.7334806525207315
DAVIS,880,0.5245431244847408
DAVIS,881,0.614467232654061
DAVIS,882,0.6092486051712702
DAVIS,883,0.6699780215312171
DAVIS,884,0.4638341053331409
DAVIS,885,0.5681703862238393
DAVIS,886,0.7404350277912771
DAVIS,887,0.603421683669229
DAVIS,888,0.6455722560915215
DAVIS,889,0.44513990036172457
DAVIS,890,0.751766962975794
DAVIS,891,0.5113368062389831
DAVIS,892,0.3762748931665989
DAVIS,893,0.6099690762683324
DAVIS,894,0.5998350138315914
DAVIS,895,0.6082767779068544
DAVIS,896,0.6662179007728747
DAVIS,897,0.6998272295048267
DAVIS,898,0.6183707625940903
DAVIS,899,0.6620012793076325
DAVIS,900,0.5572071540106812
DAVIS,901,0.5112422846425658
DAVIS,902,0.5118585531875738
DAVIS,903,0.5426252439280548
DAVIS,904,0.6485939769366721
DAVIS,905,0.6640928045759537
DAVIS,906,0.6515168613536497
DAVIS,907,0.5035074597488486
DAVIS,908,0.4638498515048529
DAVIS,909,0.5802235854715271
DAVIS,910,0.6357665542564965
DAVIS,911,0.704410554465813
DAVIS,912,0.47396507237665453
DAVIS,913,0.6223392523740168
DAVIS,914,0.45727185507048673
DAVIS,915,0.5838269320771388
DAVIS,916,0.5848445403400155
DAVIS,917,0.5976026576340011
DAVIS,918,0.5657538261010292
DAVIS,919,0.6812654763735517
DAVIS,920,0.7038774947840807
DAVIS,921,0.5475337558556077
DAVIS,922,0.6847487846251694
DAVIS,923,0.6218740433371813
DAVIS,924,0.5356767320653879
DAVIS,925,0.6626379298627263
DAVIS,926,0.5217660206362329
DAVIS,927,0.5626308353781487
DAVIS,928,0.6133108333990964
DAVIS,929,0.6515774602299815
DAVIS,930,0.7258031641057269
DAVIS,931,0.7987744229684159
DAVIS,932,0.555550306807546
DAVIS,933,0.6772551757409022
DAVIS,934,0.684365046586475
DAVIS,935,0.5470088161929482
DAVIS,936,0.49999431395131727
DAVIS,937,0.5593626299605908
DAVIS,938,0.6096598275444699
DAVIS,939,0.674727020489347
DAVIS,940,0.6971950814367138
DAVIS,941,0.6835859281712136
DAVIS,942,0.6487623946428025
DAVIS,943,0.4533769680823136
DAVIS,944,0.7493688360045607
DAVIS,945,0.6584147329544837
DAVIS,946,0.627388406896727
DAVIS,947,0.6098728109688879
DAVIS,948,0.6732704881385373
DAVIS,949,0.6506741928464437
DAVIS,950,0.6512887804152616
DAVIS,951,0.7120585057757834
DAVIS,952,0.6184389981537739
DAVIS,953,0.6614903874248738
DAVIS,954,0.6543312907049474
DAVIS,955,0.576039736669806
DAVIS,956,0.4355084919978831
DAVIS,957,0.6987249974849866
DAVIS,958,0.698983314197004
DAVIS,959,0.5871863367927243
DAVIS,960,0.5952589653468555
DAVIS,961,0.6267199956917774
DAVIS,962,0.5335721502709654
DAVIS,963,0.6923786179515911
DAVIS,964,0.6784632665375798
DAVIS,965,0.47319607920324375
DAVIS,966,0.49590320410310745
DAVIS,967,0.6815780036719213
DAVIS,968,0.5613791064256766
DAVIS,969,0.6900141096589615
DAVIS,970,0.7645640113400343
DAVIS,971,0.6706137381388924
DAVIS,972,0.5404969666749773
DAVIS,973,0.6583436126726048
DAVIS,974,0.383159861654424
DAVIS,975,0.7563155217086125
DAVIS,976,0.6554352722994222
DAVIS,977,0.6061807709924161
DAVIS,978,0.5240912937496308
DAVIS,979,0.6298979146381257
DAVIS,980,0.7367235397228376
DAVIS,981,0.6112042791975844
DAVIS,982,0.7130459961666217
DAVIS,983,0.5195207537869025
DAVIS,984,0.6711430946754897
DAVIS,985,0.7372625590058496
DAVIS,986,0.6474687034323282
DAVIS,987,0.5861608646397845
DAVIS,988,0.704624009293541
DAVIS,989,0.7806436716701978
DAVIS,990,0.6230611432595451
DAVIS,991,0.4710215671909203
DAVIS,992,0.5821096863263692
DAVIS,993,0.5245933332458547
DAVIS,994,0.6317921722949198
DAVIS,995,0.5752270528536486
DAVIS,996,0.6715733873814377
DAVIS,997,0.7494757675624447
DAVIS,998,0.6976492530348511
DAVIS,999,0.6638251175139948
