omitted_target,panel,metric,selected_threshold_after_deletion,augmented_minus_baseline
ABL1,DAVIS,continuous_spearman,0.55,0.01393668850649199
ABL1,DAVIS,top_5_roc_auc,0.55,0.017832647462277085
ABL1,DAVIS,top_5_average_precision,0.55,0.010138965943112171
ABL1,DAVIS,top_10_roc_auc,0.55,0.019607843137254943
ABL1,DAVIS,top_10_average_precision,0.55,0.01285734534566052
ABL1,DAVIS,top_15_roc_auc,0.55,0.020424403183023854
ABL1,DAVIS,top_15_average_precision,0.55,0.014560074438209003
ABL1,PKIS2,continuous_spearman,0.55,0.00845753233974128
ABL1,PKIS2,top_5_roc_auc,0.55,0.016460905349794275
ABL1,PKIS2,top_5_average_precision,0.55,0.007896198544994348
ABL1,PKIS2,top_10_roc_auc,0.55,0.01125635439360928
ABL1,PKIS2,top_10_average_precision,0.55,0.008276064145498557
ABL1,PKIS2,top_15_roc_auc,0.55,0.010079575596816936
ABL1,PKIS2,top_15_average_precision,0.55,0.008071674019191177
ABL1,KiRHub,continuous_spearman,0.55,0.013135094919240642
ABL1,KiRHub,top_5_roc_auc,0.55,0.011659807956104218
ABL1,KiRHub,top_5_average_precision,0.55,0.00789544146401644
ABL1,KiRHub,top_10_roc_auc,0.55,0.013798111837327487
ABL1,KiRHub,top_10_average_precision,0.55,0.013712273656226848
ABL1,KiRHub,top_15_roc_auc,0.55,0.01618037135278516
ABL1,KiRHub,top_15_average_precision,0.55,0.013320269287491693
AKT1,DAVIS,continuous_spearman,0.55,0.023169414644682862
AKT1,DAVIS,top_5_roc_auc,0.55,0.03155006858710563
AKT1,DAVIS,top_5_average_precision,0.55,0.01677427003580606
AKT1,DAVIS,top_10_roc_auc,0.55,0.03631082062454616
AKT1,DAVIS,top_10_average_precision,0.55,0.02677416938496649
AKT1,DAVIS,top_15_roc_auc,0.55,0.03448275862068961
AKT1,DAVIS,top_15_average_precision,0.55,0.025653423179075818
AKT1,PKIS2,continuous_spearman,0.55,0.014359085127318982
AKT1,PKIS2,top_5_roc_auc,0.55,0.027434842249656977
AKT1,PKIS2,top_5_average_precision,0.55,0.011437900926925468
AKT1,PKIS2,top_10_roc_auc,0.55,0.023965141612200425
AKT1,PKIS2,top_10_average_precision,0.55,0.013959579110340542
AKT1,PKIS2,top_15_roc_auc,0.55,0.02652519893899208
AKT1,PKIS2,top_15_average_precision,0.55,0.019979251873500192
AKT1,KiRHub,continuous_spearman,0.55,0.02220942232462142
AKT1,KiRHub,top_5_roc_auc,0.55,0.030178326474622708
AKT1,KiRHub,top_5_average_precision,0.55,0.018205068792471857
AKT1,KiRHub,top_10_roc_auc,0.55,0.027959331880900495
AKT1,KiRHub,top_10_average_precision,0.55,0.02322434243257307
AKT1,KiRHub,top_15_roc_auc,0.55,0.02997347480106105
AKT1,KiRHub,top_15_average_precision,0.55,0.02495650349333825
AKT2,DAVIS,continuous_spearman,0.55,0.034756521947824415
AKT2,DAVIS,top_5_roc_auc,0.55,0.040466392318244226
AKT2,DAVIS,top_5_average_precision,0.55,0.044853473734938476
AKT2,DAVIS,top_10_roc_auc,0.55,0.038489469862018955
AKT2,DAVIS,top_10_average_precision,0.55,0.03395914916297671
AKT2,DAVIS,top_15_roc_auc,0.55,0.04031830238726797
AKT2,DAVIS,top_15_average_precision,0.55,0.03127875175272821
AKT2,PKIS2,continuous_spearman,0.55,0.023498212014303854
AKT2,PKIS2,top_5_roc_auc,0.55,0.03017832647462282
AKT2,PKIS2,top_5_average_precision,0.55,0.019702108181364586
AKT2,PKIS2,top_10_roc_auc,0.55,0.024691358024691357
AKT2,PKIS2,top_10_average_precision,0.55,0.0183497211680079
AKT2,PKIS2,top_15_roc_auc,0.55,0.025198938992042397
AKT2,PKIS2,top_15_average_precision,0.55,0.02322346005954562
AKT2,KiRHub,continuous_spearman,0.55,0.03348693210454318
AKT2,KiRHub,top_5_roc_auc,0.55,0.029492455418381414
AKT2,KiRHub,top_5_average_precision,0.55,0.03173842922568598
AKT2,KiRHub,top_10_roc_auc,0.55,0.035221496005809705
AKT2,KiRHub,top_10_average_precision,0.55,0.03648706528849241
AKT2,KiRHub,top_15_roc_auc,0.55,0.037400530503978846
AKT2,KiRHub,top_15_average_precision,0.55,0.03455370572079797
CDK2,DAVIS,continuous_spearman,0.55,0.03420692634458922
CDK2,DAVIS,top_5_roc_auc,0.55,0.04938271604938271
CDK2,DAVIS,top_5_average_precision,0.55,0.04487671250546177
CDK2,DAVIS,top_10_roc_auc,0.55,0.04829339143064626
CDK2,DAVIS,top_10_average_precision,0.55,0.059478392946309355
CDK2,DAVIS,top_15_roc_auc,0.55,0.0472148541114058
CDK2,DAVIS,top_15_average_precision,0.55,0.052632900002445304
CDK2,PKIS2,continuous_spearman,0.55,0.021395828833369324
CDK2,PKIS2,top_5_roc_auc,0.55,0.04732510288065839
CDK2,PKIS2,top_5_average_precision,0.55,0.03148709586686482
CDK2,PKIS2,top_10_roc_auc,0.55,0.03449527959331877
CDK2,PKIS2,top_10_average_precision,0.55,0.024028164577467537
CDK2,PKIS2,top_15_roc_auc,0.55,0.03315649867374004
CDK2,PKIS2,top_15_average_precision,0.55,0.042692638621976864
CDK2,KiRHub,continuous_spearman,0.55,0.03243814049487603
CDK2,KiRHub,top_5_roc_auc,0.55,0.034979423868312765
CDK2,KiRHub,top_5_average_precision,0.55,0.027950084320865626
CDK2,KiRHub,top_10_roc_auc,0.55,0.039215686274509776
CDK2,KiRHub,top_10_average_precision,0.55,0.05664006520783704
CDK2,KiRHub,top_15_roc_auc,0.55,0.04403183023872681
CDK2,KiRHub,top_15_average_precision,0.55,0.05474027087978289
CSF1R,DAVIS,continuous_spearman,0.55,0.028269373845009216
CSF1R,DAVIS,top_5_roc_auc,0.55,0.03292181069958844
CSF1R,DAVIS,top_5_average_precision,0.55,0.024313272081442988
CSF1R,DAVIS,top_10_roc_auc,0.55,0.030864197530864224
CSF1R,DAVIS,top_10_average_precision,0.55,0.029834240223508057
CSF1R,DAVIS,top_15_roc_auc,0.55,0.03289124668435006
CSF1R,DAVIS,top_15_average_precision,0.55,0.02892902001452663
CSF1R,PKIS2,continuous_spearman,0.55,0.01336309309525524
CSF1R,PKIS2,top_5_roc_auc,0.55,0.0185185185185186
CSF1R,PKIS2,top_5_average_precision,0.55,0.019743762655548586
CSF1R,PKIS2,top_10_roc_auc,0.55,0.019244734931009422
CSF1R,PKIS2,top_10_average_precision,0.55,0.019038380703886887
CSF1R,PKIS2,top_15_roc_auc,0.55,0.022811671087533125
CSF1R,PKIS2,top_15_average_precision,0.55,0.023508399533650526
CSF1R,KiRHub,continuous_spearman,0.55,0.02321741426068591
CSF1R,KiRHub,top_5_roc_auc,0.55,0.01989026063100141
CSF1R,KiRHub,top_5_average_precision,0.55,0.03167388231295454
CSF1R,KiRHub,top_10_roc_auc,0.55,0.024691358024691357
CSF1R,KiRHub,top_10_average_precision,0.55,0.030626693728767806
CSF1R,KiRHub,top_15_roc_auc,0.55,0.02811671087533152
CSF1R,KiRHub,top_15_average_precision,0.55,0.027426069024133914
EGFR,DAVIS,continuous_spearman,0.55,0.012940696474428193
EGFR,DAVIS,top_5_roc_auc,0.55,0.014403292181069949
EGFR,DAVIS,top_5_average_precision,0.55,0.044748472205657586
EGFR,DAVIS,top_10_roc_auc,0.55,0.014524328249818419
EGFR,DAVIS,top_10_average_precision,0.55,0.03161709490943415
EGFR,DAVIS,top_15_roc_auc,0.55,0.0177718832891246
EGFR,DAVIS,top_15_average_precision,0.55,0.026332504918120836
EGFR,PKIS2,continuous_spearman,0.55,0.009662322701418313
EGFR,PKIS2,top_5_roc_auc,0.55,0.013031550068587139
EGFR,PKIS2,top_5_average_precision,0.55,0.009347163274936926
EGFR,PKIS2,top_10_roc_auc,0.55,0.010530137981118348
EGFR,PKIS2,top_10_average_precision,0.55,0.008489433997228568
EGFR,PKIS2,top_15_roc_auc,0.55,0.01485411140583548
EGFR,PKIS2,top_15_average_precision,0.55,0.026378513098198053
EGFR,KiRHub,continuous_spearman,0.55,0.014637482900136778
EGFR,KiRHub,top_5_roc_auc,0.55,0.010288065843621408
EGFR,KiRHub,top_5_average_precision,0.55,0.0044498342344437
EGFR,KiRHub,top_10_roc_auc,0.55,0.017066085693536737
EGFR,KiRHub,top_10_average_precision,0.55,0.033524061203409394
EGFR,KiRHub,top_15_roc_auc,0.55,0.019098143236074283
EGFR,KiRHub,top_15_average_precision,0.55,0.029547161398302713
FGFR1,DAVIS,continuous_spearman,0.6,0.01667506659946716
FGFR1,DAVIS,top_5_roc_auc,0.6,0.023319615912208436
FGFR1,DAVIS,top_5_average_precision,0.6,0.05799684661305354
FGFR1,DAVIS,top_10_roc_auc,0.6,0.024691358024691357
FGFR1,DAVIS,top_10_average_precision,0.6,0.07402408741838473
FGFR1,DAVIS,top_15_roc_auc,0.6,0.023342175066312976
FGFR1,DAVIS,top_15_average_precision,0.6,0.05491800086529092
FGFR1,PKIS2,continuous_spearman,0.6,0.013883888928888588
FGFR1,PKIS2,top_5_roc_auc,0.6,0.032235939643347034
FGFR1,PKIS2,top_5_average_precision,0.6,0.05411673515080084
FGFR1,PKIS2,top_10_roc_auc,0.6,0.012708787218591144
FGFR1,PKIS2,top_10_average_precision,0.6,0.02624696186548381
FGFR1,PKIS2,top_15_roc_auc,0.6,0.018832891246684302
FGFR1,PKIS2,top_15_average_precision,0.6,0.05182760398951175
FGFR1,KiRHub,continuous_spearman,0.6,0.01113591091271271
FGFR1,KiRHub,top_5_roc_auc,0.6,0.013031550068587028
FGFR1,KiRHub,top_5_average_precision,0.6,0.040888458727272814
FGFR1,KiRHub,top_10_roc_auc,0.6,0.016339869281045694
FGFR1,KiRHub,top_10_average_precision,0.6,0.07001412710019911
FGFR1,KiRHub,top_15_roc_auc,0.6,0.022546419098143256
FGFR1,KiRHub,top_15_average_precision,0.6,0.057983312432472955
IGF1R,DAVIS,continuous_spearman,0.55,0.01636066911464712
IGF1R,DAVIS,top_5_roc_auc,0.55,0.0198902606310013
IGF1R,DAVIS,top_5_average_precision,0.55,0.02457140059120272
IGF1R,DAVIS,top_10_roc_auc,0.55,0.020697167755991286
IGF1R,DAVIS,top_10_average_precision,0.55,0.025012740196179828
IGF1R,DAVIS,top_15_roc_auc,0.55,0.017506631299734732
IGF1R,DAVIS,top_15_average_precision,0.55,0.019794678079251393
IGF1R,PKIS2,continuous_spearman,0.55,0.00987832097343222
IGF1R,PKIS2,top_5_roc_auc,0.55,0.01714677640603568
IGF1R,PKIS2,top_5_average_precision,0.55,0.015788846844030646
IGF1R,PKIS2,top_10_roc_auc,0.55,0.011619462599854802
IGF1R,PKIS2,top_10_average_precision,0.55,0.011812188348601815
IGF1R,PKIS2,top_15_roc_auc,0.55,0.012732095490716189
IGF1R,PKIS2,top_15_average_precision,0.55,0.01789988541488896
IGF1R,KiRHub,continuous_spearman,0.55,0.015518275853793173
IGF1R,KiRHub,top_5_roc_auc,0.55,0.01440329218107006
IGF1R,KiRHub,top_5_average_precision,0.55,0.012670270996714472
IGF1R,KiRHub,top_10_roc_auc,0.55,0.017429193899782147
IGF1R,KiRHub,top_10_average_precision,0.55,0.024617512345524395
IGF1R,KiRHub,top_15_roc_auc,0.55,0.020954907161803704
IGF1R,KiRHub,top_15_average_precision,0.55,0.025125409459575032
JAK2,DAVIS,continuous_spearman,0.6,0.020049439604483188
JAK2,DAVIS,top_5_roc_auc,0.6,0.013031550068587139
JAK2,DAVIS,top_5_average_precision,0.6,0.02833206324131765
JAK2,DAVIS,top_10_roc_auc,0.6,0.021060275962236807
JAK2,DAVIS,top_10_average_precision,0.6,0.05216543330080953
JAK2,DAVIS,top_15_roc_auc,0.6,0.023076923076923106
JAK2,DAVIS,top_15_average_precision,0.6,0.04354377700642681
JAK2,PKIS2,continuous_spearman,0.6,0.01486788105695147
JAK2,PKIS2,top_5_roc_auc,0.6,0.024691358024691357
JAK2,PKIS2,top_5_average_precision,0.6,0.040717998047831605
JAK2,PKIS2,top_10_roc_auc,0.6,0.012345679012345734
JAK2,PKIS2,top_10_average_precision,0.6,0.022288555717216774
JAK2,PKIS2,top_15_roc_auc,0.6,0.01538461538461533
JAK2,PKIS2,top_15_average_precision,0.6,0.03831521417805289
JAK2,KiRHub,continuous_spearman,0.6,0.022965416276669703
JAK2,KiRHub,top_5_roc_auc,0.6,0.017832647462277196
JAK2,KiRHub,top_5_average_precision,0.6,0.03497783106592478
JAK2,KiRHub,top_10_roc_auc,0.6,0.017429193899782147
JAK2,KiRHub,top_10_average_precision,0.6,0.053576589665631835
JAK2,KiRHub,top_15_roc_auc,0.6,0.023872679045092826
JAK2,KiRHub,top_15_average_precision,0.6,0.04801875265339761
KDR,DAVIS,continuous_spearman,0.55,0.026942184462524332
KDR,DAVIS,top_5_roc_auc,0.55,0.043209876543209846
KDR,DAVIS,top_5_average_precision,0.55,0.032533739910815235
KDR,DAVIS,top_10_roc_auc,0.55,0.0374001452432825
KDR,DAVIS,top_10_average_precision,0.55,0.04008437126878689
KDR,DAVIS,top_15_roc_auc,0.55,0.037931034482758585
KDR,DAVIS,top_15_average_precision,0.55,0.03482802334249041
KDR,PKIS2,continuous_spearman,0.55,0.015568675450596425
KDR,PKIS2,top_5_roc_auc,0.55,0.030178326474622708
KDR,PKIS2,top_5_average_precision,0.55,0.026248196074688396
KDR,PKIS2,top_10_roc_auc,0.55,0.019970951343500354
KDR,PKIS2,top_10_average_precision,0.55,0.018747623441711075
KDR,PKIS2,top_15_roc_auc,0.55,0.023342175066312976
KDR,PKIS2,top_15_average_precision,0.55,0.025949868175285884
KDR,KiRHub,continuous_spearman,0.55,0.035889312885496905
KDR,KiRHub,top_5_roc_auc,0.55,0.03017832647462282
KDR,KiRHub,top_5_average_precision,0.55,0.02843626896747506
KDR,KiRHub,top_10_roc_auc,0.55,0.038489469862018844
KDR,KiRHub,top_10_average_precision,0.55,0.044129825793029154
KDR,KiRHub,top_15_roc_auc,0.55,0.03978779840848812
KDR,KiRHub,top_15_average_precision,0.55,0.04119702992715485
KIT,DAVIS,continuous_spearman,0.55,0.027218182254541978
KIT,DAVIS,top_5_roc_auc,0.55,0.03155006858710563
KIT,DAVIS,top_5_average_precision,0.55,0.03018108980219114
KIT,DAVIS,top_10_roc_auc,0.55,0.030864197530864224
KIT,DAVIS,top_10_average_precision,0.55,0.026949507270745438
KIT,DAVIS,top_15_roc_auc,0.55,0.033952254641909874
KIT,DAVIS,top_15_average_precision,0.55,0.02778124043684621
KIT,PKIS2,continuous_spearman,0.55,0.013768689850481186
KIT,PKIS2,top_5_roc_auc,0.55,0.01851851851851849
KIT,PKIS2,top_5_average_precision,0.55,0.016370013909307368
KIT,PKIS2,top_10_roc_auc,0.55,0.016339869281045805
KIT,PKIS2,top_10_average_precision,0.55,0.0160990211871036
KIT,PKIS2,top_15_roc_auc,0.55,0.017241379310344862
KIT,PKIS2,top_15_average_precision,0.55,0.018752904987998253
KIT,KiRHub,continuous_spearman,0.55,0.025302997576019337
KIT,KiRHub,top_5_roc_auc,0.55,0.021947873799725626
KIT,KiRHub,top_5_average_precision,0.55,0.032373429961409184
KIT,KiRHub,top_10_roc_auc,0.55,0.026870007262164153
KIT,KiRHub,top_10_average_precision,0.55,0.032382499836712875
KIT,KiRHub,top_15_roc_auc,0.55,0.03103448275862064
KIT,KiRHub,top_15_average_precision,0.55,0.030627225248975265
LCK,DAVIS,continuous_spearman,0.6,0.05266277869777036
LCK,DAVIS,top_5_roc_auc,0.6,0.06447187928669418
LCK,DAVIS,top_5_average_precision,0.6,0.10283256422640649
LCK,DAVIS,top_10_roc_auc,0.6,0.05918663761801013
LCK,DAVIS,top_10_average_precision,0.6,0.0753081749654036
LCK,DAVIS,top_15_roc_auc,0.6,0.052785145888594176
LCK,DAVIS,top_15_average_precision,0.6,0.06416782074957145
LCK,PKIS2,continuous_spearman,0.6,0.041601267189862456
LCK,PKIS2,top_5_roc_auc,0.6,0.04115226337448563
LCK,PKIS2,top_5_average_precision,0.6,0.0418778433247084
LCK,PKIS2,top_10_roc_auc,0.6,0.04103122730573705
LCK,PKIS2,top_10_average_precision,0.6,0.04419953579229435
LCK,PKIS2,top_15_roc_auc,0.6,0.04137931034482756
LCK,PKIS2,top_15_average_precision,0.6,0.05482937733655885
LCK,KiRHub,continuous_spearman,0.6,0.06334269325845399
LCK,KiRHub,top_5_roc_auc,0.6,0.04595336076817558
LCK,KiRHub,top_5_average_precision,0.6,0.050664156545120353
LCK,KiRHub,top_10_roc_auc,0.6,0.04793028322440085
LCK,KiRHub,top_10_average_precision,0.6,0.0787247947744234
LCK,KiRHub,top_15_roc_auc,0.6,0.05941644562334225
LCK,KiRHub,top_15_average_precision,0.6,0.07404110077093129
MAP2K1,DAVIS,continuous_spearman,0.55,0.01977344181246543
MAP2K1,DAVIS,top_5_roc_auc,0.55,0.03017832647462282
MAP2K1,DAVIS,top_5_average_precision,0.55,0.042849380472862464
MAP2K1,DAVIS,top_10_roc_auc,0.55,0.024328249818445835
MAP2K1,DAVIS,top_10_average_precision,0.55,0.043145801228394454
MAP2K1,DAVIS,top_15_roc_auc,0.55,0.025198938992042508
MAP2K1,DAVIS,top_15_average_precision,0.55,0.03548087270579725
MAP2K1,PKIS2,continuous_spearman,0.55,0.011363909088727309
MAP2K1,PKIS2,top_5_roc_auc,0.55,0.02537722908093276
MAP2K1,PKIS2,top_5_average_precision,0.55,0.024229812407362133
MAP2K1,PKIS2,top_10_roc_auc,0.55,0.015976761074800283
MAP2K1,PKIS2,top_10_average_precision,0.55,0.016183558210340288
MAP2K1,PKIS2,top_15_roc_auc,0.55,0.018302387267904452
MAP2K1,PKIS2,top_15_average_precision,0.55,0.03133343831492014
MAP2K1,KiRHub,continuous_spearman,0.55,0.019519043847649187
MAP2K1,KiRHub,top_5_roc_auc,0.55,0.01851851851851849
MAP2K1,KiRHub,top_5_average_precision,0.55,0.017254041234561812
MAP2K1,KiRHub,top_10_roc_auc,0.55,0.025054466230936878
MAP2K1,KiRHub,top_10_average_precision,0.55,0.04694284870770293
MAP2K1,KiRHub,top_15_roc_auc,0.55,0.025198938992042508
MAP2K1,KiRHub,top_15_average_precision,0.55,0.04041107346859213
MAPK1,DAVIS,continuous_spearman,0.6,0.01873425012599894
MAPK1,DAVIS,top_5_roc_auc,0.6,0.020576131687242816
MAPK1,DAVIS,top_5_average_precision,0.6,0.01616021785132557
MAPK1,DAVIS,top_10_roc_auc,0.6,0.020334059549745875
MAPK1,DAVIS,top_10_average_precision,0.6,0.025220969174581664
MAPK1,DAVIS,top_15_roc_auc,0.6,0.020159151193633984
MAPK1,DAVIS,top_15_average_precision,0.6,0.021168545874698963
MAPK1,PKIS2,continuous_spearman,0.6,0.013840689274485785
MAPK1,PKIS2,top_5_roc_auc,0.6,0.015089163237311465
MAPK1,PKIS2,top_5_average_precision,0.6,0.014543428031216415
MAPK1,PKIS2,top_10_roc_auc,0.6,0.009440813362381895
MAPK1,PKIS2,top_10_average_precision,0.6,0.019695026887814826
MAPK1,PKIS2,top_15_roc_auc,0.6,0.010875331564986768
MAPK1,PKIS2,top_15_average_precision,0.6,0.01571362397576037
MAPK1,KiRHub,continuous_spearman,0.6,0.01907984736122109
MAPK1,KiRHub,top_5_roc_auc,0.6,0.010973936899862813
MAPK1,KiRHub,top_5_average_precision,0.6,0.023139308173536544
MAPK1,KiRHub,top_10_roc_auc,0.6,0.0188816267247639
MAPK1,KiRHub,top_10_average_precision,0.6,0.027382486967027553
MAPK1,KiRHub,top_15_roc_auc,0.6,0.023342175066313087
MAPK1,KiRHub,top_15_average_precision,0.6,0.026439779147486908
MAPK14,DAVIS,continuous_spearman,0.6,0.02650538795689633
MAPK14,DAVIS,top_5_roc_auc,0.6,0.03017832647462282
MAPK14,DAVIS,top_5_average_precision,0.6,0.052316191704855214
MAPK14,DAVIS,top_10_roc_auc,0.6,0.035584604212055226
MAPK14,DAVIS,top_10_average_precision,0.6,0.053069398591787775
MAPK14,DAVIS,top_15_roc_auc,0.6,0.03925729442970827
MAPK14,DAVIS,top_15_average_precision,0.6,0.04608906860629841
MAPK14,PKIS2,continuous_spearman,0.6,0.019255045959632344
MAPK14,PKIS2,top_5_roc_auc,0.6,0.03978052126200271
MAPK14,PKIS2,top_5_average_precision,0.6,0.029168135388584232
MAPK14,PKIS2,top_10_roc_auc,0.6,0.02251270878721856
MAPK14,PKIS2,top_10_average_precision,0.6,0.018615133824205127
MAPK14,PKIS2,top_15_roc_auc,0.6,0.03023872679045092
MAPK14,PKIS2,top_15_average_precision,0.6,0.042361495920527736
MAPK14,KiRHub,continuous_spearman,0.6,0.029442964456284415
MAPK14,KiRHub,top_5_roc_auc,0.6,0.030178326474622708
MAPK14,KiRHub,top_5_average_precision,0.6,0.019609971567496415
MAPK14,KiRHub,top_10_roc_auc,0.6,0.030501089324618813
MAPK14,KiRHub,top_10_average_precision,0.6,0.05116782356772842
MAPK14,KiRHub,top_15_roc_auc,0.6,0.03342175066313002
MAPK14,KiRHub,top_15_average_precision,0.6,0.0447585168117105
MAPKAPK2,DAVIS,continuous_spearman,0.6,0.026241390068879433
MAPKAPK2,DAVIS,top_5_roc_auc,0.6,0.01714677640603557
MAPKAPK2,DAVIS,top_5_average_precision,0.6,0.02968529807286585
MAPKAPK2,DAVIS,top_10_roc_auc,0.6,0.028322440087146017
MAPKAPK2,DAVIS,top_10_average_precision,0.6,0.030161044377016305
MAPKAPK2,DAVIS,top_15_roc_auc,0.6,0.022015915119363405
MAPKAPK2,DAVIS,top_15_average_precision,0.6,0.023583850935978923
MAPKAPK2,PKIS2,continuous_spearman,0.6,0.017162262701898412
MAPKAPK2,PKIS2,top_5_roc_auc,0.6,0.02537722908093276
MAPKAPK2,PKIS2,top_5_average_precision,0.6,0.02171717667962972
MAPKAPK2,PKIS2,top_10_roc_auc,0.6,0.021060275962236696
MAPKAPK2,PKIS2,top_10_average_precision,0.6,0.017918284142186908
MAPKAPK2,PKIS2,top_15_roc_auc,0.6,0.019363395225464153
MAPKAPK2,PKIS2,top_15_average_precision,0.6,0.02205273773026062
MAPKAPK2,KiRHub,continuous_spearman,0.6,0.023781409748722004
MAPKAPK2,KiRHub,top_5_roc_auc,0.6,0.0185185185185186
MAPKAPK2,KiRHub,top_5_average_precision,0.6,0.02503190616457196
MAPKAPK2,KiRHub,top_10_roc_auc,0.6,0.020697167755991286
MAPKAPK2,KiRHub,top_10_average_precision,0.6,0.028748223545900564
MAPKAPK2,KiRHub,top_15_roc_auc,0.6,0.024933687002652527
MAPKAPK2,KiRHub,top_15_average_precision,0.6,0.02641797012870989
MET,DAVIS,continuous_spearman,0.55,0.01581347349221207
MET,DAVIS,top_5_roc_auc,0.55,0.01714677640603568
MET,DAVIS,top_5_average_precision,0.55,0.015232685950406999
MET,DAVIS,top_10_roc_auc,0.55,0.017066085693536737
MET,DAVIS,top_10_average_precision,0.55,0.01605431491949566
MET,DAVIS,top_15_roc_auc,0.55,0.018302387267904563
MET,DAVIS,top_15_average_precision,0.55,0.01581922058807489
MET,PKIS2,continuous_spearman,0.55,0.007490340077279334
MET,PKIS2,top_5_roc_auc,0.55,0.011659807956104218
MET,PKIS2,top_5_average_precision,0.55,0.007137373377782585
MET,PKIS2,top_10_roc_auc,0.55,0.009440813362382006
MET,PKIS2,top_10_average_precision,0.55,0.006029715466637886
MET,PKIS2,top_15_roc_auc,0.55,0.010344827586206917
MET,PKIS2,top_15_average_precision,0.55,0.011098726928260305
MET,KiRHub,continuous_spearman,0.55,0.014025487796097635
MET,KiRHub,top_5_roc_auc,0.55,0.010288065843621297
MET,KiRHub,top_5_average_precision,0.55,0.005828221904276232
MET,KiRHub,top_10_roc_auc,0.55,0.013071895424836555
MET,KiRHub,top_10_average_precision,0.55,0.016936098156632495
MET,KiRHub,top_15_roc_auc,0.55,0.01564986737400531
MET,KiRHub,top_15_average_precision,0.55,0.017956329999223142
PLK1,DAVIS,continuous_spearman,0.55,0.033426932584539326
PLK1,DAVIS,top_5_roc_auc,0.55,0.03703703703703709
PLK1,DAVIS,top_5_average_precision,0.55,0.04404655358744314
PLK1,DAVIS,top_10_roc_auc,0.55,0.04175744371822798
PLK1,DAVIS,top_10_average_precision,0.55,0.05520422063319902
PLK1,DAVIS,top_15_roc_auc,0.55,0.04217506631299739
PLK1,DAVIS,top_15_average_precision,0.55,0.04627608140909095
PLK1,PKIS2,continuous_spearman,0.55,0.018256653946768397
PLK1,PKIS2,top_5_roc_auc,0.55,0.03703703703703709
PLK1,PKIS2,top_5_average_precision,0.55,0.030364966366083213
PLK1,PKIS2,top_10_roc_auc,0.55,0.025054466230936878
PLK1,PKIS2,top_10_average_precision,0.55,0.02191142616278724
PLK1,PKIS2,top_15_roc_auc,0.55,0.02970822281167107
PLK1,PKIS2,top_15_average_precision,0.55,0.03962127377499591
PLK1,KiRHub,continuous_spearman,0.55,0.030426956584347353
PLK1,KiRHub,top_5_roc_auc,0.55,0.03292181069958844
PLK1,KiRHub,top_5_average_precision,0.55,0.04919172765506946
PLK1,KiRHub,top_10_roc_auc,0.55,0.03667392883079157
PLK1,KiRHub,top_10_average_precision,0.55,0.05307304721927303
PLK1,KiRHub,top_15_roc_auc,0.55,0.037135278514588865
PLK1,KiRHub,top_15_average_precision,0.55,0.047732642476856824
ROCK1,DAVIS,continuous_spearman,0.6,0.02288621691026471
ROCK1,DAVIS,top_5_roc_auc,0.6,0.028806584362139898
ROCK1,DAVIS,top_5_average_precision,0.6,0.04230128985030948
ROCK1,DAVIS,top_10_roc_auc,0.6,0.027233115468409563
ROCK1,DAVIS,top_10_average_precision,0.6,0.02793958154569634
ROCK1,DAVIS,top_15_roc_auc,0.6,0.023342175066312976
ROCK1,DAVIS,top_15_average_precision,0.6,0.022694592919179357
ROCK1,PKIS2,continuous_spearman,0.6,0.015609475124198968
ROCK1,PKIS2,top_5_roc_auc,0.6,0.03292181069958844
ROCK1,PKIS2,top_5_average_precision,0.6,0.015964605399790555
ROCK1,PKIS2,top_10_roc_auc,0.6,0.016339869281045694
ROCK1,PKIS2,top_10_average_precision,0.6,0.010225163698977996
ROCK1,PKIS2,top_15_roc_auc,0.6,0.021485411140583555
ROCK1,PKIS2,top_15_average_precision,0.6,0.022583180059339736
ROCK1,KiRHub,continuous_spearman,0.6,0.022463820289437664
ROCK1,KiRHub,top_5_roc_auc,0.6,0.02263374485596714
ROCK1,KiRHub,top_5_average_precision,0.6,0.015821746355530686
ROCK1,KiRHub,top_10_roc_auc,0.6,0.028322440087145906
ROCK1,KiRHub,top_10_average_precision,0.6,0.029916741607479258
ROCK1,KiRHub,top_15_roc_auc,0.6,0.0305039787798409
ROCK1,KiRHub,top_15_average_precision,0.6,0.02853636775987478
SRC,DAVIS,continuous_spearman,0.55,0.055758753929968485
SRC,DAVIS,top_5_roc_auc,0.55,0.07064471879286693
SRC,DAVIS,top_5_average_precision,0.55,0.08596444675175313
SRC,DAVIS,top_10_roc_auc,0.55,0.06463326071169206
SRC,DAVIS,top_10_average_precision,0.55,0.07190784283588958
SRC,DAVIS,top_15_roc_auc,0.55,0.06498673740053051
SRC,DAVIS,top_15_average_precision,0.55,0.06362379243295341
SRC,PKIS2,continuous_spearman,0.55,0.04151246790025681
SRC,PKIS2,top_5_roc_auc,0.55,0.04732510288065839
SRC,PKIS2,top_5_average_precision,0.55,0.04894825896585933
SRC,PKIS2,top_10_roc_auc,0.55,0.03413217138707336
SRC,PKIS2,top_10_average_precision,0.55,0.03135742615364279
SRC,PKIS2,top_15_roc_auc,0.55,0.04403183023872681
SRC,PKIS2,top_15_average_precision,0.55,0.05058682640226203
SRC,KiRHub,continuous_spearman,0.55,0.06683946528427775
SRC,KiRHub,top_5_roc_auc,0.55,0.04732510288065839
SRC,KiRHub,top_5_average_precision,0.55,0.05551232307519938
SRC,KiRHub,top_10_roc_auc,0.55,0.053740014524328306
SRC,KiRHub,top_10_average_precision,0.55,0.07772739386890176
SRC,KiRHub,top_15_roc_auc,0.55,0.06206896551724139
SRC,KiRHub,top_15_average_precision,0.55,0.07505271581612322
