dataset,calibration_ligands,panel_targets_k,reference_scope,repetitions,cluster_adjusted_rand_index_mean,cluster_adjusted_rand_index_q025,cluster_adjusted_rand_index_q975,sample_vs_fixed_full_source_panel_medoid_overlap_mean,sample_vs_fixed_full_source_panel_medoid_overlap_q025,sample_vs_fixed_full_source_panel_medoid_overlap_q975,sample_vs_fixed_full_source_panel_medoid_jaccard_mean,sample_vs_fixed_full_source_panel_medoid_jaccard_q025,sample_vs_fixed_full_source_panel_medoid_jaccard_q975,fixed_full_source_panel_mean_nearest_distance_on_reference_map_mean,fixed_full_source_panel_mean_nearest_distance_on_reference_map_q025,fixed_full_source_panel_mean_nearest_distance_on_reference_map_q975,sample_map_medoids_mean_nearest_distance_on_reference_map_mean,sample_map_medoids_mean_nearest_distance_on_reference_map_q025,sample_map_medoids_mean_nearest_distance_on_reference_map_q975,sample_minus_fixed_full_source_panel_mean_nearest_distance_on_reference_map_mean,sample_minus_fixed_full_source_panel_mean_nearest_distance_on_reference_map_q025,sample_minus_fixed_full_source_panel_mean_nearest_distance_on_reference_map_q975,sample_map_medoids_maximum_nearest_distance_on_reference_map_mean,sample_map_medoids_maximum_nearest_distance_on_reference_map_q025,sample_map_medoids_maximum_nearest_distance_on_reference_map_q975,random_panels_on_reference_map_mean,random_panels_on_reference_map_q025,random_panels_on_reference_map_q975,fraction_random_panels_with_mean_coverage_no_worse_than_sample_mean,fraction_random_panels_with_mean_coverage_no_worse_than_sample_q025,fraction_random_panels_with_mean_coverage_no_worse_than_sample_q975,random_mean_nearest_distance_median_mean,random_mean_nearest_distance_median_q025,random_mean_nearest_distance_median_q975,random_mean_nearest_distance_q025_mean,random_mean_nearest_distance_q025_q025,random_mean_nearest_distance_q025_q975,random_mean_nearest_distance_q975_mean,random_mean_nearest_distance_q975_q025,random_mean_nearest_distance_q975_q975
DOCKSTRING-58,200,6,full_source_map_including_calibration_rows,100,0.62255012720830483,0.41056067067125696,0.85161384444537325,2.71,1,4,0.30704329004329001,0.090909090909090912,0.5,0.56629741220678842,0.56629741220678864,0.56629741220678864,0.57622867824590085,0.56865291187112166,0.58945568730679632,0.0099312660391120341,0.0023554996643329689,0.023158275100007699,0.90184615306954286,0.86172460027918285,0.92389439938589124,10000,10000,10000,0.0014509999999999998,0,0.012044999999999952,0.62715641132076028,0.62715641132076039,0.62715641132076039,0.59359080196324432,0.59359080196324443,0.59359080196324443,0.6872939310382834,0.6872939310382834,0.6872939310382834
DOCKSTRING-58,200,6,row_disjoint_complement_map,100,0.62255012720830483,0.41056067067125696,0.85161384444537325,2.71,1,4,0.30704329004329001,0.090909090909090912,0.5,0.56629715235653921,0.56628031997543582,0.5663138151251923,0.576239901915089,0.56866418470329516,0.58947905201647466,0.0099427495585496968,0.002358555602192061,0.02318731735017773,0.90186014397579906,0.86178329515483687,0.92393890646176569,200,200,200,0.00040000000000000002,0,0.0052499999999999145,0.62941892226019069,0.62939967471987124,0.6294354571605828,0.59719531127008452,0.59718181024803985,0.59721095299229487,0.67916592024788069,0.67914100895358087,0.67918388982240674
DOCKSTRING-58,200,8,full_source_map_including_calibration_rows,100,0.59468005441284988,0.40454545213739462,0.81552524359031175,3.6499999999999999,1,6,0.31218470418470418,0.066666666666666666,0.59999999999999998,0.53608801513880344,0.53608801513880355,0.53608801513880355,0.54733311438631249,0.53952918869106092,0.55980949735036722,0.011245099247509027,0.0034411735522573844,0.023721482211563696,0.88631172196065722,0.83357233750752746,0.91563035058073872,10000,10000,10000,0.0014510000000000002,0,0.017024999999999992,0.58865614151348522,0.58865614151348522,0.58865614151348522,0.5618688011837516,0.56186880118375171,0.56186880118375171,0.63708014428473947,0.63708014428473936,0.63708014428473936
DOCKSTRING-58,200,8,row_disjoint_complement_map,100,0.59468005441284988,0.40454545213739462,0.81552524359031175,3.6499999999999999,1,6,0.31218470418470418,0.066666666666666666,0.59999999999999998,0.53608754897939181,0.53606790333699994,0.53610372533600326,0.54734547911620568,0.53955145039621921,0.55983156262306755,0.01125793013681381,0.0034529812513141799,0.023743717948748851,0.88632778776562393,0.8335754755189082,0.91566256064446738,200,200,200,0.00095,0,0.014999999999999999,0.59139351132353191,0.59137506880572144,0.59140920994480473,0.56338729053446968,0.56336778627641237,0.5634042197194572,0.62761103308336952,0.62758132465002259,0.62763380071667207
DOCKSTRING-58,200,10,full_source_map_including_calibration_rows,100,0.63271595158002791,0.44661006117288909,0.83746443120300063,5.04,2,8,0.3516819291819292,0.1111111111111111,0.66666666666666663,0.50753775223979414,0.50753775223979436,0.50753775223979436,0.51886841139324713,0.51060982459179505,0.52968296915486424,0.011330659153452723,0.0030720723520006737,0.022145216915069866,0.8638680610271543,0.80219180584248329,0.9015522617675894,10000,10000,10000,0.001366,0,0.011187499999999987,0.55504003660467927,0.55504003660467904,0.55504003660467904,0.5330540397503899,0.53305403975039001,0.53305403975039001,0.59361836613889174,0.59361836613889174,0.59361836613889174
DOCKSTRING-58,200,10,row_disjoint_complement_map,100,0.63271595158002791,0.44661006117288909,0.83746443120300063,5.04,2,8,0.3516819291819292,0.1111111111111111,0.66666666666666663,0.50753681123468586,0.5075178119063124,0.50755385969616906,0.51888029644924116,0.51062289216124701,0.52969472812951313,0.011343485214555362,0.0030775356730677965,0.022166706733447228,0.86388681896721731,0.80217384541127423,0.90158917516150516,200,200,200,0.00050000000000000001,0,0.01,0.5538628930480235,0.553838131395334,0.5538778655782729,0.53464170254847732,0.53462184511094024,0.53465928901688919,0.58763300257764151,0.58760757570408839,0.5876564932767242
DOCKSTRING-58,500,6,full_source_map_including_calibration_rows,100,0.71974432102977814,0.45159788224194214,0.95607057776182891,3.54,2,5,0.43643290043290045,0.20000000000000001,0.7142857142857143,0.56629741220678842,0.56629741220678864,0.56629741220678864,0.57116525047118505,0.56732741065114267,0.57809211380507997,0.0048678382643964069,0.0010299984443540744,0.011794701598291378,0.89762665599250657,0.84823033169298856,0.91991643054856909,10000,10000,10000,0.00010899999999999999,0,0.00075749999999999743,0.62715641132076028,0.62715641132076039,0.62715641132076039,0.59359080196324432,0.59359080196324443,0.59359080196324443,0.6872939310382834,0.6872939310382834,0.6872939310382834
DOCKSTRING-58,500,6,row_disjoint_complement_map,100,0.71974432102977814,0.45159788224194214,0.95607057776182891,3.54,2,5,0.43643290043290045,0.20000000000000001,0.7142857142857143,0.56629819761376088,0.5662610255669337,0.56632661886377555,0.57118051003167447,0.56735326451926571,0.57809655283603134,0.0048823124179136548,0.0010328698377653294,0.01182528915699891,0.89763653279960776,0.84820714383075879,0.91999578443463104,200,200,200,0,0,0,0.62941949054541391,0.62939283765516829,0.62944683696700909,0.59719613131265614,0.59716132429560675,0.59722887256001156,0.6791660956140676,0.67913299682553918,0.67920271352181139
DOCKSTRING-58,500,8,full_source_map_including_calibration_rows,100,0.65751228985093957,0.41864325677158043,0.86697005810990968,5.0099999999999998,2.4750000000000001,7,0.47313264513264514,0.18461538461538463,0.77777777777777779,0.53608801513880344,0.53608801513880355,0.53608801513880355,0.54163748398569633,0.53697087703216118,0.54832863586498637,0.0055494688468926863,0.00088286189335760044,0.012240620726182849,0.8689187265637337,0.80633872383743554,0.9051534262489056,10000,10000,10000,0.00016999999999999999,0,0.0004049999999999983,0.58865614151348522,0.58865614151348522,0.58865614151348522,0.5618688011837516,0.56186880118375171,0.56186880118375171,0.63708014428473947,0.63708014428473936,0.63708014428473936
DOCKSTRING-58,500,8,row_disjoint_complement_map,100,0.65751228985093957,0.41864325677158043,0.86697005810990968,5.0099999999999998,2.4750000000000001,7,0.47313264513264514,0.18461538461538463,0.77777777777777779,0.53608865049744636,0.53605120507814397,0.53611639760247554,0.54165416643747444,0.53698436089452495,0.54834070156048498,0.0055655159400281587,0.0008903953312723006,0.012259744325773096,0.86896855590566668,0.80641429639546147,0.90501977036659487,200,200,200,0.0001,0,0,0.59139632852376789,0.59136565280750852,0.59142261814988906,0.56338939457577664,0.56336004552544527,0.56341709549861652,0.62761182407547811,0.62757315438541295,0.6276482628384864
DOCKSTRING-58,500,10,full_source_map_including_calibration_rows,100,0.74608251425547467,0.55467419010491104,0.91819848506387181,6.6299999999999999,4,9,0.51026640026640024,0.25,0.81818181818181823,0.50753775223979414,0.50753775223979436,0.50753775223979436,0.5130871935069321,0.50844903390671492,0.51965132728423391,0.0055494412671376978,0.00091128166692059915,0.012113575044439539,0.8330900867651827,0.78632009425256033,0.90010195828734063,10000,10000,10000,4.3000000000000002e-05,0,0.0001,0.55504003660467927,0.55504003660467904,0.55504003660467904,0.5330540397503899,0.53305403975039001,0.53305403975039001,0.59361836613889174,0.59361836613889174,0.59361836613889174
DOCKSTRING-58,500,10,row_disjoint_complement_map,100,0.74608251425547467,0.55467419010491104,0.91819848506387181,6.6299999999999999,4,9,0.51026640026640024,0.25,0.81818181818181823,0.50753805265992269,0.50750326272693336,0.50756663861224938,0.51310448386931884,0.50845739048715544,0.51965384409724336,0.0055664312093961967,0.00091826504026327473,0.012142029028133678,0.83315738276108942,0.78638923031375318,0.90024217178744048,200,200,200,0,0,0,0.55386451534708436,0.55383195589653256,0.55388687141998805,0.5346434304993174,0.53459993158632702,0.53467562170290572,0.58763533903414644,0.58759307054029397,0.58767083745342441
Docking-44,200,6,full_source_map_including_calibration_rows,100,0.71596723767454662,0.47637684145695958,0.92071136086363203,1.95,0,4,0.20705194805194804,0,0.5,0.43214781831379384,0.43214781831379373,0.43214781831379373,0.44780856277870512,0.43625084070357589,0.46531785872900694,0.015660744464911322,0.0041030223897821462,0.033170040415213202,0.80320527809595776,0.76947141100302896,0.83779867787889328,10000,10000,10000,0.013225000000000002,0,0.079457499999999889,0.49302754320570508,0.49302754320570502,0.49302754320570502,0.45780395109194222,0.45780395109194238,0.45780395109194238,0.54568422458736354,0.54568422458736376,0.54568422458736376
Docking-44,200,6,row_disjoint_complement_map,100,0.71223512904385078,0.46922328428006121,0.93460814498884315,1.95,0,4,0.20705194805194804,0,0.5,0.43207356831698346,0.43120426310120563,0.4328084269181563,0.44811081225832394,0.43659049599221506,0.46565333693678573,0.016037243941340439,0.0044389142414011529,0.033883678610445299,0.80354669492885444,0.76730013000327735,0.83848265839718261,200,200,200,0.014849999999999999,0,0.095249999999999918,0.49211877244947749,0.49156110700324157,0.49283781033073809,0.45765689362971052,0.45694267704701158,0.4583959373573131,0.53927568041312446,0.53822486241656675,0.54006526877782601
Docking-44,200,8,full_source_map_including_calibration_rows,100,0.69705747554109665,0.48019286900242214,0.90703784062098447,3.4100000000000001,1,6,0.28470285270285273,0.066666666666666666,0.59999999999999998,0.39776751007762817,0.39776751007762828,0.39776751007762828,0.41265235577946635,0.40105613621773539,0.42912560881719136,0.014884845701837965,0.0032886261401071206,0.031358098739563051,0.77868699065232083,0.71586601120942073,0.83716262467821978,10000,10000,10000,0.012338,0,0.064487499999999753,0.45146929174025097,0.45146929174025086,0.45146929174025086,0.42406608569847321,0.42406608569847343,0.42406608569847343,0.49102562770282643,0.49102562770282659,0.49102562770282659
Docking-44,200,8,row_disjoint_complement_map,100,0.69367320882593686,0.46952280719129963,0.8968476958956304,3.4100000000000001,1,6,0.28470285270285273,0.066666666666666666,0.59999999999999998,0.39769494736505129,0.39682865719558302,0.39841052765695328,0.41294499532834428,0.4016578035296875,0.4295189591394733,0.015250047963292995,0.0036584943573964813,0.032465380154660134,0.77946176066807038,0.71566923208123734,0.83418744224821062,200,200,200,0.012549999999999997,0,0.068124999999999783,0.451538160367146,0.45078966454558567,0.45230893003946127,0.4248509355728069,0.42415158088639554,0.42565633505252137,0.49069871331636478,0.48979917649771099,0.49153423278784364
Docking-44,200,10,full_source_map_including_calibration_rows,100,0.69311081218606385,0.42612062255312477,0.88948981218932166,5.1200000000000001,3,8,0.36090127193068361,0.17647058823529413,0.66666666666666663,0.36509410302902523,0.36509410302902534,0.36509410302902534,0.38004073008839817,0.36811916064039907,0.39839413115915856,0.01494662705937278,0.0030250576113737201,0.033300028130133226,0.75570133630339331,0.70267986218669864,0.80208019657762353,10000,10000,10000,0.0066300000000000005,0,0.079667499999999919,0.41612524956316838,0.4161252495631686,0.4161252495631686,0.39268031268843251,0.39268031268843251,0.39268031268843251,0.44809726808011019,0.44809726808011024,0.44809726808011024
Docking-44,200,10,row_disjoint_complement_map,100,0.6902483959972191,0.42612062255312477,0.88948981218932166,5.1200000000000001,3,8,0.36090127193068361,0.17647058823529413,0.66666666666666663,0.36504205831907194,0.36426252845136076,0.36580950802119372,0.38031626087254639,0.36861084700546409,0.39871656792346172,0.015274202553474414,0.0029040174338325771,0.034155142581617545,0.7568041111671252,0.70069678708991245,0.80316043524411695,200,200,200,0.011399999999999999,0,0.12549999999999983,0.41366959985451163,0.41304744730916187,0.41437982587249794,0.39239225829023311,0.39162938144478399,0.39317736095006134,0.44907160713276523,0.44854860419320403,0.44978132602413828
Docking-44,500,6,full_source_map_including_calibration_rows,100,0.79506818477676855,0.58249605478592781,0.96467670723750154,3.1499999999999999,1,5,0.3843246753246754,0.090909090909090912,0.7142857142857143,0.43214781831379384,0.43214781831379373,0.43214781831379373,0.44035627263854088,0.43327204760712695,0.45264535559578356,0.008208454324747155,0.001124229293333208,0.020497537281989834,0.79581262664577879,0.7530352020993426,0.83645961850905426,10000,10000,10000,0.0010499999999999999,0,0.0091549999999999826,0.49302754320570508,0.49302754320570502,0.49302754320570502,0.45780395109194222,0.45780395109194238,0.45780395109194238,0.54568422458736354,0.54568422458736376,0.54568422458736376
Docking-44,500,6,row_disjoint_complement_map,100,0.78519919199083776,0.57920628879834224,0.95320781627848583,3.1499999999999999,1,5,0.3843246753246754,0.090909090909090912,0.7142857142857143,0.43205741840031281,0.43088749760879336,0.43316315710341857,0.44073816963352674,0.43358824591643014,0.4526382164708459,0.0086807512332139833,0.0012036020919530862,0.021717604226556008,0.79667379225685664,0.75180059783671793,0.83471202058233041,200,200,200,0.0010500000000000002,0,0.01,0.49207177548460584,0.49116043883849447,0.49297709100248416,0.45757801031816336,0.45643198607588192,0.45849600913645816,0.53915407611755006,0.53771998686944766,0.54029650110630345
Docking-44,500,8,full_source_map_including_calibration_rows,100,0.79283213313401968,0.56725135400902582,0.95932096771550524,4.6299999999999999,2,7,0.42850571650571645,0.14285714285714285,0.77777777777777779,0.39776751007762817,0.39776751007762828,0.39776751007762828,0.40557026458377982,0.39842854470215899,0.41842442132789603,0.0078027545061516287,0.00066103462453070971,0.020656911250267754,0.76253842205027977,0.71586601120942073,0.80663336895963966,10000,10000,10000,0.00055699999999999988,0,0.0066899999999999685,0.45146929174025097,0.45146929174025086,0.45146929174025086,0.42406608569847321,0.42406608569847343,0.42406608569847343,0.49102562770282643,0.49102562770282659,0.49102562770282659
Docking-44,500,8,row_disjoint_complement_map,100,0.78403672376886446,0.56476391002185367,0.94392558725581854,4.6299999999999999,2,7,0.42850571650571645,0.14285714285714285,0.77777777777777779,0.39767063375251949,0.39654504916195465,0.39871511419172989,0.40594720362333958,0.39873825090928133,0.41831123210982651,0.0082765698708201149,0.00069245754153404173,0.021638066292757614,0.76414277421199228,0.71463669531190521,0.81222116556760371,200,200,200,0.00059999999999999995,0,0.0076249999999999573,0.4514161968664353,0.45035731360884201,0.45238848092079204,0.42471228096476588,0.4235409220355501,0.42564357258469726,0.49059243081573028,0.48953483436369893,0.49169841211232329
Docking-44,500,10,full_source_map_including_calibration_rows,100,0.75648024908008027,0.55986764677015599,0.93878243008826279,6.6799999999999997,3.4750000000000001,9,0.51833524318818436,0.21139705882352944,0.81818181818181823,0.36509410302902523,0.36509410302902534,0.36509410302902534,0.37292757470437599,0.36576924417881196,0.38421642407818041,0.0078334716753506537,0.0006751411497866234,0.019122321049155049,0.72847437531709969,0.6505387162629428,0.8013062475385585,10000,10000,10000,0.000301,0,0.0023874999999999873,0.41612524956316838,0.4161252495631686,0.4161252495631686,0.39268031268843251,0.39268031268843251,0.39268031268843251,0.44809726808011019,0.44809726808011024,0.44809726808011024
Docking-44,500,10,row_disjoint_complement_map,100,0.74546452853064604,0.54700851694655872,0.91129403991661428,6.6799999999999997,3.4750000000000001,9,0.51833524318818436,0.21139705882352944,0.81818181818181823,0.36501407034574029,0.36391328512105964,0.36591525122606755,0.37333198062505701,0.36616168926458509,0.38421305268355871,0.0083179102793166787,0.00079133729493482833,0.019955161742584354,0.73107350168566243,0.65247757379506133,0.79853061616967191,200,200,200,0.001,0,0.012624999999999957,0.41361769378393798,0.41286805891148814,0.41437739479680691,0.39229697696112142,0.39142091844126814,0.39316750905915404,0.44903096692527306,0.44819528097419503,0.44988458408119913
