index,k,method,held_out_target_r2,held_out_target_r2,held_out_target_r2,held_out_target_r2,held_out_target_rmse,held_out_target_rmse,held_out_target_rmse,held_out_target_rmse,held_out_mean_row_spearman,held_out_mean_row_spearman,held_out_mean_row_spearman,held_out_mean_row_spearman,held_out_top5_overlap,held_out_top5_overlap,held_out_top5_overlap,held_out_top5_overlap,held_out_pair_order_accuracy,held_out_pair_order_accuracy,held_out_pair_order_accuracy,held_out_pair_order_accuracy,held_out_target_geometry_spearman,held_out_target_geometry_spearman,held_out_target_geometry_spearman,held_out_target_geometry_spearman,full_mean_row_spearman,full_mean_row_spearman,full_mean_row_spearman,full_mean_row_spearman,full_top5_overlap,full_top5_overlap,full_top5_overlap,full_top5_overlap
,,,mean,std,min,max,mean,std,min,max,mean,std,min,max,mean,std,min,max,mean,std,min,max,mean,std,min,max,mean,std,min,max,mean,std,min,max
0,2,descriptors_only,0.45339592732264133,0.03232804190422768,0.4225346707530231,0.49990814486562796,0.8030777271728008,0.023460299483416852,0.7662658358076422,0.824860039373447,0.7371663882091297,0.006737120787220673,0.7300059843217377,0.7463079121006432,0.4717733333333333,0.007662404612420617,0.46540000000000004,0.4846000000000001,0.7892994735341297,0.003144845784823354,0.7860081169249885,0.7935120011767091,0.8360107552620958,0.0054786815311524545,0.8265082570215941,0.8400269021191865,0.7479646198877428,0.004721007806330047,0.7428492533185399,0.7556357024447348,0.4697333333333333,0.006807675406806983,0.46366666666666667,0.4808
1,2,qr_sentinels,0.505458490699343,0.055495134281991765,0.4349037733395319,0.5889664507249754,0.762802958357933,0.03502082792804327,0.720024579858002,0.808186128147609,0.7144051888211738,0.012657534804259652,0.7013183514463011,0.7343813376710714,0.4609066666666667,0.014886056115259927,0.4512,0.4870666666666667,0.7790677907637783,0.005860065124408593,0.7733170949976281,0.7884692826917937,0.7631612661265312,0.031048466996093555,0.7087393987561342,0.7838559948399765,0.7272617407581848,0.00939461282029626,0.7175205372999273,0.7425082468936763,0.4586266666666667,0.010341781492781796,0.4508666666666667,0.47613333333333335
2,2,qr_sentinels_plus_descriptors,0.5949680425562959,0.04743739499203484,0.5341067830432753,0.6512728109822483,0.6906099814938811,0.04019018505222508,0.6371302247308176,0.7338264847023591,0.7478639771630247,0.011925731110026244,0.7392107303251132,0.7677976716980908,0.48718666666666666,0.01750589741899693,0.47686666666666666,0.5183333333333333,0.7949814915108593,0.0059209339564950106,0.790687648055056,0.8048808761459908,0.8579659105879263,0.010160943947843813,0.8472726365892115,0.8708059157391442,0.7603136482781763,0.009868204892611143,0.7548152804256012,0.7778329163928253,0.4867733333333333,0.016361920560999055,0.47659999999999997,0.5158666666666666
3,2,random_sentinels,0.5291678485928598,0.06772955026493428,0.17854951774613081,0.6163148712293871,0.7443552667886523,0.0433128486363378,0.6878532956482085,0.9577808262243486,0.7089702650571428,0.01211390952795514,0.6845543792568951,0.7388403784935694,0.44867066666666666,0.018116495834327173,0.38386666666666663,0.4850666666666667,0.7772214334091834,0.005620701131184259,0.7649839424326738,0.7900247493847399,0.6636352374522393,0.10359411723986375,0.3601266684432093,0.7973834027251151,0.7166586258038291,0.011356093270493469,0.6986843906362662,0.749442329516105,0.45121733333333336,0.01410632003226242,0.4304000000000001,0.4836000000000001
4,5,descriptors_only,0.47319560795522914,0.03293777169197324,0.4416265634353451,0.5190860375458812,0.7765439581273046,0.020862180486908532,0.7519556245566931,0.8080507350898989,0.7408902091644606,0.006032996811178691,0.7324293563887616,0.7486400065611959,0.48638666666666663,0.00837939271201811,0.4782666666666667,0.49946666666666667,0.7908720233235301,0.0027423372000583614,0.7872294721013909,0.7947498396359699,0.7738179431278469,0.008126497604177385,0.7596737956067973,0.7790099894698845,0.7653494468246701,0.002816006317189698,0.7626868090014256,0.7695391083631336,0.48478666666666664,0.006552590666632892,0.47780000000000006,0.49373333333333336
5,5,qr_sentinels,0.5918249267430555,0.035563989493313616,0.5493352447457112,0.6450149569785262,0.68299359081205,0.01717594075778221,0.657325619269498,0.700581561855504,0.7423416299433682,0.007673972605787612,0.734473364891269,0.7549663830549407,0.4960133333333333,0.012475522701140317,0.48413333333333336,0.517,0.7921426724270544,0.0037438102809296677,0.7887022841761914,0.7985110594758716,0.8149407632767914,0.022638867743816984,0.7768031294682449,0.8319768904060469,0.770869638169202,0.004066816558986847,0.7673869105587972,0.7776951797805572,0.5024666666666666,0.006683977525063569,0.49360000000000004,0.5089333333333333
6,5,qr_sentinels_plus_descriptors,0.6767095922877557,0.02595001049007437,0.6441856139300987,0.7005258238008283,0.6082335357852423,0.02359291732524772,0.5746296710859906,0.6373151129195439,0.7641114562691047,0.01031116522078709,0.7538270334318058,0.7815009689593987,0.5179866666666666,0.016189942007994385,0.5025999999999999,0.5443999999999999,0.8030187570233688,0.005235817581582251,0.7981211043505799,0.8119535523579154,0.859825529528116,0.012910129367305652,0.8406105215685096,0.8742663553223732,0.7941769619224609,0.007535733042468181,0.7887865852354329,0.8071912124448595,0.5314533333333333,0.011826843290676617,0.525,0.5524666666666667
7,5,random_sentinels,0.6244876299074611,0.027094395785147874,0.5470698337059512,0.6772332220095073,0.6668515834117063,0.022605031509032487,0.6120209311866198,0.722436997936063,0.7309965012104281,0.013191835420277104,0.702774262438756,0.7570165318830714,0.478044,0.021304234448629614,0.4105333333333333,0.5104,0.7879014052263813,0.006166141206170234,0.7745920466223825,0.8006826804871583,0.845304379894373,0.036897381238395706,0.7165333850798957,0.906675549835716,0.7523180908382985,0.011465714044143562,0.7309210850554219,0.7763548264934231,0.489136,0.015758379464780283,0.4504000000000001,0.526
8,10,descriptors_only,0.5056936762361439,0.03664100610059032,0.47201286696451916,0.5589873534282904,0.7432018942931817,0.01614405530519567,0.7262646747861021,0.7639560763814458,0.7397227687579923,0.0065496561013740975,0.7358549423977611,0.751382486787632,0.47085333333333335,0.007376750263120213,0.465,0.4825333333333333,0.7900914812447379,0.003141989531014382,0.7881129602307557,0.795663966959814,0.6953716515271788,0.011363362775054456,0.682267605058901,0.7066305356571598,0.7877230166298286,0.0013762308553558085,0.7855747333057945,0.7893020916309715,0.5128533333333334,0.00784862337540084,0.5062,0.5263333333333333
9,10,qr_sentinels,0.6939936239865814,0.02762748923813849,0.6610371957312031,0.7363960087662573,0.5845296057292171,0.017675855275004985,0.5623593228118097,0.603466165651445,0.7583679178576164,0.0038258551842730608,0.7541858929935275,0.764640487972,0.5047066666666666,0.006282886809951765,0.4974666666666667,0.5138666666666666,0.7999057963337254,0.001864395559060987,0.7979837124748195,0.803018651440533,0.8171112668955678,0.009484960803334318,0.8075715978132574,0.8307773430524508,0.815957959943384,0.002758635151131588,0.8114299584644131,0.8189807987801505,0.5655733333333333,0.005978963120809473,0.5573333333333333,0.5721999999999999
10,10,qr_sentinels_plus_descriptors,0.742479685793532,0.02269354718870649,0.7133948534759957,0.7758279266963439,0.5362204669120831,0.013581837357899832,0.5185954029975808,0.553355654640757,0.775301897934805,0.004754573620730521,0.7720624289135081,0.7836819484223295,0.52232,0.004100243895184745,0.5178,0.5276666666666666,0.8087015803332489,0.002396613323036291,0.8069469338014621,0.8129189756264749,0.8487674701721103,0.007834829240209002,0.8410785869857432,0.8603809594933121,0.833154720824011,0.0012552882306954077,0.831415556113668,0.834911257297859,0.5891866666666667,0.005712831561007605,0.5834,0.5980666666666666
11,10,random_sentinels,0.6753547407670526,0.03004762620039662,0.6128607794850998,0.7260687716597614,0.6202294071741122,0.02961767627516335,0.5647989322937508,0.6815010575820077,0.7535076465506236,0.014552233067746514,0.7207472041344166,0.7882983878985944,0.50886,0.02678004892467829,0.43986666666666663,0.5561999999999999,0.7993337517042378,0.0069680224190372874,0.7843354767852634,0.8161240232403051,0.9015312531097415,0.01782807061742071,0.8394693682574268,0.9363678984587825,0.7963886008963906,0.011592578206268422,0.7675847971069434,0.8158785674905271,0.5386266666666666,0.022582910481268537,0.4945333333333334,0.6092
12,15,descriptors_only,0.5273969404953681,0.03751139352105539,0.4893467565588909,0.5808157951948038,0.728691455117729,0.01597130476986562,0.7113072760665193,0.7446090503279942,0.7521594971589523,0.003291957832287917,0.7475701519207645,0.7564303949825832,0.5033466666666666,0.006275950569878323,0.4948666666666666,0.5121333333333333,0.7973614589444831,0.0017422709766663188,0.7948591523625529,0.7995302612202152,0.6188583822423969,0.028798866638479425,0.5896568144057089,0.6547342208988438,0.8072379369095385,0.002728855100851413,0.8044596939844509,0.8108887518795496,0.5383733333333333,0.0234771567462691,0.5144,0.5777333333333333
13,15,qr_sentinels,0.7523136264143566,0.019016365101308445,0.7304952147820706,0.7816439153011764,0.5275657814000984,0.011426740689668516,0.5133782267438078,0.5396740200371759,0.7774505374198639,0.001763209783308741,0.77542706601657,0.7793383050425906,0.5478933333333333,0.003878888729749551,0.5436666666666666,0.554,0.8106529196342714,0.0008692803571474436,0.8095335166834814,0.8115243929108282,0.7940533497593819,0.02100150528988907,0.7730145308338152,0.8288189405602907,0.8506685725062362,0.00208972579962165,0.8490705059861827,0.8542334685550097,0.6140800000000001,0.016232915805718805,0.5963333333333334,0.6403333333333333
14,15,qr_sentinels_plus_descriptors,0.7789857155795403,0.016409182509868933,0.7588391668238049,0.8029494706956243,0.49837281112522935,0.009313108541021072,0.48768971775980197,0.5105069501304995,0.7897508538966947,0.0009056268147022602,0.7884277703969716,0.7909319338433712,0.5611333333333333,0.0048094813765218675,0.5560666666666667,0.5680666666666666,0.8171919321243694,0.0003823170015934995,0.8168391984417854,0.8177962495716194,0.8165592971723411,0.014366069880916921,0.8006109800328726,0.8383555804898649,0.8621146979976599,0.001004370540969801,0.8614120191692369,0.8638896402089992,0.6301599999999999,0.017448374645730683,0.6117333333333332,0.6587333333333333
15,15,random_sentinels,0.7062037155310822,0.02451237899993282,0.6468146606099423,0.754613018935185,0.5904848593413172,0.023873664431452685,0.5384546132477143,0.6416824176833766,0.7719845607867417,0.015577697490104108,0.7333649028556046,0.8007371295090133,0.5454933333333333,0.020725153142718007,0.49233333333333335,0.5839333333333333,0.8093279853186869,0.007714544471250409,0.7895033535868482,0.8242909098126753,0.9206089242778767,0.01682019397487176,0.8863783855175239,0.949359586848983,0.8323377589107485,0.009751360238216805,0.8068214027761349,0.854267349561251,0.5860706666666666,0.023128047034654417,0.5438666666666666,0.6478666666666666
16,20,descriptors_only,0.548815746745298,0.03499472196544102,0.5133652771469495,0.5986102210973694,0.7140034622846201,0.016841678095010994,0.6941700452689292,0.7370365974885368,0.7662487234440223,0.0054713322845938005,0.7592803547707023,0.7728747071878591,0.5204133333333333,0.01142175312482477,0.5098,0.5355333333333334,0.8052951732797095,0.003019366901426323,0.8012657041989626,0.8088849009084256,0.5531117886381043,0.00837406942063607,0.5475719554666922,0.5675572747941169,0.829678586930015,0.0024011097954225124,0.8269087441396892,0.8331408573615912,0.5657733333333332,0.013529687522054799,0.5537333333333333,0.5870666666666666
17,20,qr_sentinels,0.783540193288188,0.013905406098127878,0.7702759141393059,0.8055279545185691,0.4946537653124709,0.005646686881856659,0.48806545010984037,0.5027447209545302,0.794364772097165,0.005333076289917191,0.7894349556599192,0.8002511178329523,0.5753066666666666,0.011203630364008507,0.5614666666666667,0.5928,0.8202325119860643,0.0029244264988236533,0.8171252194150248,0.823646940281087,0.7968607524528577,0.013248886896535647,0.7764123273991694,0.8077458093905461,0.8797195230519581,0.0024512800512958757,0.8771393757223811,0.8830857884983692,0.6523866666666667,0.007804614019924427,0.6453333333333332,0.6625333333333333
18,20,qr_sentinels_plus_descriptors,0.8018603181105641,0.013419033392956062,0.7873489954212624,0.8220027804179895,0.47322141292514913,0.00590818681923249,0.46659431452330324,0.47793648185181703,0.8039406439360649,0.0047791796583304316,0.7981194738122234,0.8086104701835231,0.5853999999999999,0.011025828263168672,0.5735999999999999,0.6035999999999999,0.8255122965580564,0.0027403051329161943,0.8219079738871468,0.8282870715561234,0.8139006806769965,0.014112903256228772,0.7956935933909617,0.8305656134603504,0.8878635476899486,0.0016441639517159434,0.8866123520800269,0.8901743087650063,0.6635199999999999,0.00884739760858773,0.6556666666666666,0.6740666666666666
19,20,random_sentinels,0.71608385727738,0.030497132322501553,0.6411761623887173,0.7709655030628866,0.5801836827227231,0.03363829123862986,0.5126284562101135,0.6515635998639597,0.77703365348435,0.018566810550849005,0.7307072932893295,0.8079881066751872,0.5624533333333332,0.02932720405969827,0.49466666666666664,0.6207333333333332,0.8126617281907512,0.009275473737182158,0.7902457868797197,0.8293751945089064,0.9351281360491887,0.014227772959380026,0.9010013763303237,0.9612058115347588,0.8564427797429335,0.00841115443700593,0.834253835390446,0.8721067771539041,0.6256719999999999,0.027643361514614398,0.5758666666666666,0.6973999999999999
