dataset,target,family,molecular_weight_raw_slope,molecular_weight_residual_slope,molecular_weight_residual_correlation,heavy_atoms_raw_slope,heavy_atoms_residual_slope,heavy_atoms_residual_correlation,rotatable_bonds_raw_slope,rotatable_bonds_residual_slope,rotatable_bonds_residual_correlation,imputed_cells,imputed_fraction,conditional_mw_slope_per_100_da,conditional_rotatable_bond_slope,residual_pc1_loading
Docking-44,1m2z,Nuclear receptor,-0.06430635176844662,0.12529614786660423,0.17976198747079428,-0.03169336556813477,0.026464979024129896,0.22353375906512818,0.050484228777391664,0.0268480954619593,0.10225886059960504,411,0.03248755039127342,-0.20829244371021538,0.09518891385644894,0.12259363084239104
Docking-44,1pbq,Ion channel,-0.37689659864235064,-0.1872940990072998,-0.5474306402726539,-0.09039812518566052,-0.03223978059339582,-0.5547643058078745,-0.011527808576902498,-0.03516394189233494,-0.27285372368699295,0,0.0,-0.5322552018471733,0.10270725802671812,-0.18938408198438594
Docking-44,1xoq,Enzyme,-0.3442895066560409,-0.1546870070209899,-0.4427576124798865,-0.08528981517839201,-0.02713147058612741,-0.45719024988000384,0.011118482576263139,-0.012517650739169363,-0.0951179221190548,1,7.904513477195479e-05,-0.5346961283425324,0.12587743208380733,-0.18748325263462798
Docking-44,2rh1,Adrenergic GPCR,-0.3228637196427476,-0.13326122000769633,-0.31888879443648,-0.08938654938035075,-0.031228204788086186,-0.43994047355875276,-0.007473756856793264,-0.031109890172225676,-0.1976338248783106,7,0.0005533159434036835,-0.46132829367043493,0.09153864954277563,-0.16500058581462673
Docking-44,2vt4,Adrenergic GPCR,-0.3997943666789243,-0.21019186704387305,-0.5279442152744998,-0.09722459806154157,-0.03906625346927716,-0.5776773195060109,-0.011505143746706274,-0.035141277062138494,-0.23432411851826235,15,0.0011856770215793219,-0.5662109407355157,0.11001766016793259,-0.22194093462978665
Docking-44,2ydo,Peptide GPCR,-0.16680346051612147,0.02279903911892955,0.05567652777136738,-0.058153122853006445,5.221739258062586e-06,7.507272957842684e-05,0.029181079990396486,0.005544946674963846,0.03594846057697313,2,0.00015809026954390957,-0.3123467640381467,0.0962183832792961,0.0062549092132985215
Docking-44,2z5x,Enzyme,-0.060385947147243456,0.12921655248780733,0.18432726285961346,-0.04216863717622612,0.01598970741603846,0.1342837209245831,0.017530763154601114,-0.006105370160831472,-0.023121220115711206,343,0.02711248122678049,-0.12867910019651296,0.04514846520885682,0.14574237189713138
Docking-44,3b66,Nuclear receptor,0.09812264693825676,0.2877251465733075,0.3169337950885734,-0.0016192862169499755,0.05653905837531474,0.3666491883200327,0.04613021707850169,0.022494083763069286,0.06577886313792855,634,0.050114615445419335,0.04196995323343867,0.03712243211682699,0.19259331618440073
Docking-44,3kk6,Enzyme,-0.27095243606044506,-0.08134993642539444,-0.21597095083287374,-0.07330066512306332,-0.015142320530798574,-0.2366693309054155,0.012662627314373507,-0.010973506001058854,-0.07734119036417345,10,0.0007904513477195479,-0.429563665606124,0.10485756271511981,-0.12731394880480457
Docking-44,3ln1,Enzyme,0.09388753247523442,0.2834900321102851,0.33693597957373433,-0.006203440814188546,0.051954903778075996,0.3635361191021278,0.08266272697883914,0.05902659366340691,0.18624500837695918,451,0.03564935578215161,-0.04612563946839554,0.09256242448958481,0.19126194855350145
Docking-44,3rze,Histamine GPCR,0.1848747820570796,0.3744772816921305,0.5187197368579243,0.004302622357149943,0.06246096694941461,0.5093630366014966,0.0651055656116562,0.041469432296223886,0.15249749556630682,3,0.00023713540431586437,0.12792426892070508,0.037649868927697276,0.18746915813043533
Docking-44,4djh,Opioid GPCR,-0.38919705439533686,-0.19959455476028626,-0.5578341984979336,-0.0931299740640897,-0.034971629471825,-0.5754183938791584,-0.02129155832989293,-0.04492769164532533,-0.3333480171542912,0,0.0,-0.5286000154548721,0.09215901530959311,-0.17841819143556775
Docking-44,4ey7,Enzyme,-0.2538226882585949,-0.0642201886235444,-0.15432522466413084,-0.07841095269147245,-0.0202526080992078,-0.28652183604857384,0.021702874354006654,-0.0019332589614256066,-0.012333396600549424,0,0.0,-0.42444758312150777,0.1127997725324744,-0.08118312248671442
Docking-44,4iar,Serotonin GPCR,-0.3739576860533099,-0.1843551864182593,-0.4321198430968532,-0.09194762053684861,-0.03378927594458387,-0.466271811333411,-0.0024246209910162753,-0.026060754306448594,-0.16216725134223423,30,0.0023713540431586438,-0.5482926164494039,0.11525246951181249,-0.21490461013302298
Docking-44,4mqs,Muscarinic GPCR,0.24685115145539963,0.4364536510904509,0.29058357089588766,0.04766691964599602,0.10582526423826068,0.41479519088547245,0.08451155827183547,0.06087542495640315,0.10759751854289024,3352,0.26495929175559246,0.17622829213192967,0.04668862930981342,0.0914310946243915
Docking-44,4n6h,Opioid GPCR,-0.3172153366855327,-0.12761283705048188,-0.36716406448071626,-0.08013589863996631,-0.02197755404770165,-0.3722687552967697,0.02053744396259949,-0.0030986893528329447,-0.02366852363841367,0,0.0,-0.5157034665706903,0.13122010079145005,-0.13377292394136464
Docking-44,5cxv,Muscarinic GPCR,-0.059356929710185205,0.13024556992486536,0.2531165902947593,-0.03898536478432984,0.01917297980793473,0.2193606333969335,0.05200228286390684,0.028366149548474592,0.14634751868659343,62,0.004900798355861197,-0.20436388052500148,0.09586380159050419,0.06794347531468949
Docking-44,5i71,Transporter,-0.4781000655948226,-0.28849756595977194,-0.6265241602912103,-0.11360986873032317,-0.05545152413805861,-0.7089581229833642,-0.02337129438822986,-0.04700742770366232,-0.2710125987104177,9,0.0007114062129475931,-0.6555815319439385,0.11733263805961622,-0.24291450293415448
Docking-44,5tvn,Serotonin GPCR,-0.23639202893787478,-0.04678952930282416,-0.12939926088319628,-0.07100073411653682,-0.012842389524272147,-0.20909342828766364,0.01608697731650691,-0.0075491559989256055,-0.055425400944569256,1,7.904513477195479e-05,-0.38605946848462547,0.09894484125517236,-0.10544785002403143
Docking-44,5u09,Cannabinoid GPCR,-0.13467642670105703,0.05492607293399362,0.10286257169184629,-0.0530214139537556,0.005136930638508895,0.05663618034118464,0.016836015317731906,-0.006800117997700611,-0.03380824303344848,129,0.010196822385582168,-0.237125744152614,0.06772903633978901,0.03727859526781123
Docking-44,5va1,Ion channel,-0.10344465950136723,0.08615784013368362,0.2158528068749855,-0.03267083154964173,0.025487513042622853,0.37592549802262837,0.05280574115275593,0.02916960783732349,0.19400852406927968,0,0.0,-0.27144462868169855,0.11106443947836284,0.017583662958518338
Docking-44,6cm4,Dopamine GPCR,-0.20107909466834256,-0.011476595033291907,-0.03176871547863269,-0.0624242262547384,-0.004265881662473771,-0.06951952996677109,0.021439582913112886,-0.002196550402319451,-0.016141916449820503,17,0.0013437672911232313,-0.34575985542422305,0.09564815800297347,-0.062016297293808455
Docking-44,6kpf,Cannabinoid GPCR,-0.1686543284480445,0.02094817118700656,0.03676551270074546,-0.05726044156615549,0.0008979030261090635,0.009277594209721567,0.009800254062222291,-0.013835879253210056,-0.06446568470257066,223,0.017627065054145918,-0.2716786695673335,0.06810918332228608,0.07361222707877807
Docking-44,6kux,Adrenergic GPCR,-0.1808756348828478,0.008726864752203058,0.030426959972075684,-0.05610199797823394,0.0020563466140306234,0.0422092916215291,0.03832437743698468,0.01468824412155228,0.13595573243243916,8,0.0006323610781756383,-0.3536625176241577,0.11422905834154173,-0.07516288354273287
Docking-44,6lqa,Ion channel,-0.4417196597799782,-0.25211716014492735,-0.609142553103467,-0.10495237735306441,-0.046794032760799714,-0.665607846433632,-0.014667246398570406,-0.03830337971400277,-0.2456863071510866,0,0.0,-0.6212077799489895,0.1186592328371101,-0.21216800595926147
Docking-44,6pdj,Enzyme,-0.254441611131039,-0.064839111495988,-0.2262724123894442,-0.06980392290290911,-0.011645578310644436,-0.23925831383623175,0.01034607970333996,-0.013290053612092484,-0.12312567066497213,0,0.0,-0.3999273610618006,0.09618033471663907,-0.10921587035504911
Docking-44,6x3x,Ion channel,-0.04428882111630485,0.1453136785187456,0.3035191291433382,-0.036525779199353924,0.021632565392910575,0.2660106481672083,0.060924114798581466,0.0372879814831491,0.206764401702436,29,0.0022923089083866886,-0.2020352664667876,0.10428585563459003,0.06614456819415429
Docking-44,6y1z,Serotonin GPCR,-0.13429091783612152,0.055311581798929484,0.13596005177368942,-0.05259916411136364,0.005559180480900963,0.08044840573529839,0.05321316948766673,0.029577036172234474,0.19300884831566364,27,0.0021342186388427793,-0.31803156759458895,0.12147057153867398,-0.02005642755889885
Docking-44,7f8y,Peptide GPCR,-0.37911924079030074,-0.18951674115524947,-0.43256428258994145,-0.09276220449890198,-0.03460385990663746,-0.46498511125327086,-0.001131555468367892,-0.02476768878380025,-0.1500776022694205,20,0.0015809026954390958,-0.558831563010885,0.11880745235946719,-0.21520567090266413
Docking-44,7kwe,Enzyme,-0.33814489841656215,-0.14854239878151143,-0.40158119247239377,-0.08657166818765863,-0.028413323595394058,-0.45222690303391666,0.015358259803407954,-0.00827787351202445,-0.05941129818220244,2,0.00015809026954390957,-0.5350938881549172,0.13020257835667048,-0.17878080142200686
Docking-44,7ljd,Dopamine GPCR,-0.14396167389195705,0.045640825743093735,0.11423709891120953,-0.05077131541518987,0.007387029177074606,0.10885162385276619,0.037863471348603635,0.014227338033171385,0.09453761608865285,88,0.0069559718599320215,-0.2979712870883777,0.10181544346344161,-0.012470853178892382
Docking-44,7wc9,Serotonin GPCR,-0.11401162967270033,0.07559086996235076,0.1364499495726502,-0.057236617229327234,0.0009217273629373938,0.009795304514801742,0.02214584230754354,-0.0014902910078887618,-0.007141713782743383,77,0.006086475377440518,-0.2184199731324538,0.06902414446740017,0.033663274255050314
Docking-44,7xnk,Ion channel,-0.27161564356118306,-0.08201314392613199,-0.2632404096326722,-0.06817427965631301,-0.010015935064048376,-0.1892657469332692,0.03150620857266274,0.007870075257230406,0.0670618155369338,0,0.0,-0.4727510716481429,0.13297022427272062,-0.12869201225051047
Docking-44,7ym8,Adrenergic GPCR,-0.047912987338263616,0.14168951229678717,0.23902857636967945,-0.03039623011367302,0.02776211447859165,0.2757249620778309,0.03599309268966767,0.012356959374235326,0.0553415173497314,259,0.02047268990593629,-0.15156172190859948,0.0685219685685737,0.14226064271428976
Docking-44,8e9y,Muscarinic GPCR,0.15659729141539758,0.3461997910504483,0.3760356910281611,0.009982238464262914,0.06814058305652751,0.4357320816590187,0.07524897926894628,0.0516128459535137,0.14882894291072155,528,0.041735831159592125,0.06333451309617781,0.06165583391923424,0.20652002674481315
Docking-44,8ef6,Opioid GPCR,-0.41522184817741087,-0.2256193485423599,-0.5906910293655382,-0.0981560216768698,-0.03999767708460529,-0.6164959528197088,-0.00698190367080509,-0.030618036986237482,-0.21280836839267467,0,0.0,-0.5991856220817384,0.12161807845974613,-0.21601045045470674
Docking-44,8fhs,Ion channel,-0.49827183058820235,-0.30866933095315163,-0.6520872891760666,-0.1103881000349339,-0.052229755442669154,-0.6495935021408245,-0.016869257922995262,-0.040505391238427654,-0.2271707488598117,2,0.00015809026954390957,-0.7000131848174778,0.13337080081859676,-0.2288747937914852
Docking-44,8pjk,Serotonin GPCR,-0.3767872550532454,-0.18718475541819438,-0.5320631844150008,-0.09237305684782819,-0.03421471225556353,-0.5725547876208877,-0.010672701365737496,-0.03430883468116994,-0.25889640770438427,17,0.0013437672911232313,-0.5340085435949744,0.10393867553159934,-0.22190879615229558
Docking-44,8st0,Ion channel,0.2064099664772542,0.396012466112305,0.364927306800814,0.028631454954102617,0.08678979954636731,0.470844623298909,0.06126315521047649,0.03762702189504386,0.09205018695719251,1007,0.07959845071535847,0.16841778709443614,0.025116552867845473,0.1577519738382333
Docking-44,8wty,Transporter,-0.3428016859968826,-0.15319918636183183,-0.31974311400287586,-0.09236418266870207,-0.03420583807643765,-0.4202971088014237,-0.009290243421603022,-0.0329263767370353,-0.18243829658963398,24,0.001897083234526915,-0.4867821361115832,0.09518518405599687,-0.16698652199634292
Docking-44,8xvk,Peptide GPCR,-0.18452180714719704,0.005080692487853986,0.011560258604841911,-0.051211010159884204,0.006947334432380397,0.09306240477711303,0.014461155120125153,-0.009174978195307215,-0.05542133776504801,1,7.904513477195479e-05,-0.30561318922974445,0.08005326752305718,-0.026159788892666763
Docking-44,8yn3,Histamine GPCR,0.0487903422645265,0.23839284189957713,0.42678071583708177,-0.016553239053655935,0.04160510553860857,0.43850003272004595,0.0633798446736223,0.039743711358189784,0.18888928418262327,237,0.018733696940953285,-0.06971221757023485,0.07834180237659102,0.18628156855845104
Docking-44,9eo4,Transporter,-0.11202586482746009,0.0775766348075906,0.15747996104026077,-0.04786850436094658,0.010289840231318003,0.12297431704793396,0.04539292250789572,0.021756789192463426,0.11725098238457017,133,0.010513002924669987,-0.2675478650132647,0.10281527944001878,0.05369998047437617
Docking-44,V1A,Peptide GPCR,-0.37584200075094143,-0.18623950111589063,-0.44947095155905853,-0.08670579358697271,-0.028547448994708065,-0.40560991339901925,0.0011778623904198714,-0.022458270925012496,-0.14389094688528847,0,0.0,-0.5591514949847296,0.12118553549426163,-0.16995145649520443
DOCKSTRING-58,PPARD,Nuclear receptor,-0.6129240214067951,-0.22045847101080268,-0.36586131212252787,-0.09498621892269678,-0.032608671452375705,-0.38578136828260906,-0.07833604543988887,-0.06710761331966486,-0.34787569161335646,0,0.0,-0.822937271478573,0.09956544749279805,-0.08353936252227644
DOCKSTRING-58,ABL1,Kinase,-0.15214400299675002,0.24032154739924189,0.32163768233352275,-0.029146881161885716,0.033230666308435394,0.31705288486723915,0.06050432098812331,0.07173275310834733,0.2998846970401934,0,0.0,-0.5142613090128583,0.17167665185914552,0.13655110996564213
DOCKSTRING-58,ADAM17,Protease,-0.421251626026904,-0.028786075630911605,-0.05557581654783523,-0.06555068789663683,-0.003173140426315683,-0.04367280934856123,-0.02738153821330414,-0.01615310609307991,-0.09741414621161221,0,0.0,-0.6681728145362575,0.11706317873269784,0.028480652337247444
DOCKSTRING-58,ADRB1,GPCR,-0.6309476570448234,-0.23848210664883088,-0.41546016853433554,-0.0980543024261207,-0.035676754955799445,-0.44307514314832,-0.05800624236304455,-0.04677781024282063,-0.25455174240781503,0,0.0,-0.9348924567327175,0.144097574718219,-0.09816264646234318
DOCKSTRING-58,ADRB2,GPCR,-0.6494185801525906,-0.2569530297565984,-0.42192419324702385,-0.09970812425124316,-0.037330576780922345,-0.43698228710370507,-0.07069263614942778,-0.059464204029203944,-0.30499933223780096,0,0.0,-0.9196567113891049,0.12811753761719807,-0.07466673078398874
DOCKSTRING-58,AKT2,Kinase,-0.5516242320689938,-0.15915868167300184,-0.31107544353154115,-0.08532620052213184,-0.022948653051810736,-0.3197503609822041,-0.018175148211910824,-0.006946716091686765,-0.04241090486178822,0,0.0,-0.9435176706480903,0.18579325622684872,-0.11270115639638416
DOCKSTRING-58,MAOB,Other enzyme,1.1525754864554696,1.5450410368514613,0.6913475639820094,0.16175979519110545,0.22413734266142663,0.7149720823505802,0.20881780039676415,0.22004623251698804,0.3075621924027558,0,0.0,1.3090023105724202,-0.07416059099965673,0.24181763680426577
DOCKSTRING-58,CASP3,Protease,-0.5616550832186049,-0.1691895328226123,-0.3192419533330221,-0.08414715614587198,-0.02176960867555076,-0.29282998015165995,-0.0326066467024918,-0.021378214582267352,-0.1260028861609094,0,0.0,-0.9060012402218645,0.1632515053347212,-0.16321671512081962
DOCKSTRING-58,DHFR,Other enzyme,-0.4435544914890166,-0.051088941093024295,-0.0869701903132241,-0.0704867474578334,-0.008109199987512236,-0.09841016901058908,-0.0030096034755204885,0.00821882864470354,0.04370348178013073,0,0.0,-0.8036665065615357,0.17072596093805656,-0.09502767945867394
DOCKSTRING-58,ESR2,Nuclear receptor,-0.14054794648712554,0.25191760390886697,0.3391738498750563,-0.026526819582490344,0.03585072788783077,0.34409651116659395,0.020971848204737267,0.03220028032496145,0.1354210227507783,0,0.0,-0.3396670301936768,0.09440061837442518,0.11148376305148279
DOCKSTRING-58,PTK2,Kinase,-0.40113195257588813,-0.008666402179895545,-0.018440531555728664,-0.06405250321347086,-0.001674955743149653,-0.025407175062259896,0.004337661808251169,0.015566093928475374,0.10346103906783785,0,0.0,-0.754173420202861,0.16737387615200527,-0.04843360943592011
DOCKSTRING-58,FGFR1,Kinase,-0.30143197614837297,0.09103357424761954,0.1336404345878542,-0.049771670204551886,0.012605877265769198,0.13192521371212318,0.003272042771637239,0.014500474891861296,0.06649379236685368,0,0.0,-0.5667746280557169,0.12579663362693097,0.09574633425533431
DOCKSTRING-58,HMGCR,Other enzyme,-0.4521645787228869,-0.05969902832689432,-0.11252131043040293,-0.06924226866840011,-0.006864721198078981,-0.09223778598842364,-0.011009196876775955,0.00021923524344817004,0.0012907450928145382,0,0.0,-0.7884767621798883,0.15944266864939205,-0.09603548360010657
DOCKSTRING-58,HSP90AA1,Chaperone,-0.3990782065799637,-0.006612656183971711,-0.010807593507963892,-0.06544014096064636,-0.003062593490325198,-0.03568295905100119,-0.017558609185266288,-0.006330177065042416,-0.03231703509732065,0,0.0,-0.6655002212010876,0.12630835006181182,-0.015473765195224958
DOCKSTRING-58,KIT,Kinase,-0.3392067370343595,0.05325881336163335,0.0906111356908077,-0.0562794839491494,0.006098063521171778,0.07396060912838073,0.0012476529414622494,0.012476085061686286,0.06630266847845895,0,0.0,-0.6283625273887319,0.13708623456818578,0.05696417033924306
DOCKSTRING-58,MAPKAPK2,Kinase,-0.4894681198186341,-0.09700256942264145,-0.23447464597128112,-0.0753122202443958,-0.012934672774074634,-0.2228879267015737,-0.0207732172811848,-0.009544785160960748,-0.07206782262950373,0,0.0,-0.8191897364250651,0.15631813847101547,-0.09958167493875836
DOCKSTRING-58,MAP2K1,Kinase,-0.6954528658286859,-0.3029873154326935,-0.5317388204850656,-0.1053208307344644,-0.0429432832641434,-0.5372638426205908,-0.05863939066116895,-0.047410958540944924,-0.2599053679986152,0,0.0,-1.0510101238458998,0.1685665904017813,-0.18626786429607958
DOCKSTRING-58,NOS1,Other enzyme,-0.48056818711966853,-0.08810263672367549,-0.15693904513052281,-0.07450321377364248,-0.012125666303321346,-0.15398065390147903,-0.04174929893735453,-0.03052086681713063,-0.16982497382941955,0,0.0,-0.721499808074552,0.11422357707115856,-0.026487689532528245
DOCKSTRING-58,PARP1,Other enzyme,-0.7362848763743169,-0.3438193259783252,-0.5239606465985093,-0.11197877386545806,-0.0496012263951369,-0.538864094705907,-0.038336778653512406,-0.027108346533288284,-0.1290428678680922,0,0.0,-1.2047859136560932,0.22211224964071344,-0.2269235359119545
DOCKSTRING-58,PDE5A,Other enzyme,-0.5548688447057679,-0.16240329430977585,-0.25428578387003004,-0.08639823574210583,-0.024020688271784857,-0.26812119186857375,-0.03328303321584821,-0.02205460109562448,-0.10786711080791185,0,0.0,-0.8909043309026718,0.15931148889519892,-0.1204891884879644
DOCKSTRING-58,PGR,Nuclear receptor,0.4092645462238362,0.8017300966198287,0.6793392528077555,0.05377807948013407,0.11615562695045502,0.7016446576492559,0.13759734879147623,0.14882578091170054,0.3939120668522414,0,0.0,0.2188004811819649,0.09029734962298748,0.19532860057267237
DOCKSTRING-58,PTPN1,Other enzyme,-0.39084068013524026,0.0016248702607519257,0.0031211526290114773,-0.06236830548622285,9.241984098276371e-06,0.00012655519612172136,-0.020429143936136086,-0.009200711815911908,-0.055205244481542105,0,0.0,-0.6392282419932557,0.11775837352922248,0.004925128525939201
DOCKSTRING-58,ROCK1,Kinase,-0.6387994536901653,-0.24633390329417315,-0.487139288815276,-0.09707164251694937,-0.03469409504662804,-0.48910598891761714,-0.027416919113007834,-0.016188486992783687,-0.09999949864996092,0,0.0,-1.0679289713040108,0.20344655605771653,-0.21727390288162787
DOCKSTRING-58,AKT1,Kinase,-0.8061947781904644,-0.413729227794472,-0.6688662766824159,-0.1209178416718304,-0.05854029420150943,-0.6746778395342616,-0.08375713637521638,-0.07252870425499217,-0.3662651594812817,0,0.0,-1.1571857398608367,0.16640174918817857,-0.2276185740909359
DOCKSTRING-58,AR,Nuclear receptor,0.3716606357094569,0.7641261861054498,0.6494397623943242,0.048775705918989526,0.11115325338931058,0.6734640510386909,0.09774789984122603,0.1089763319614506,0.28931341444655545,0,0.0,0.304185082995466,0.031989570174720365,0.2107863644442012
DOCKSTRING-58,CDK2,Kinase,-0.49482422964573236,-0.10235867924974025,-0.23525059535318105,-0.07688963396678644,-0.014512086496465425,-0.23776852488255495,-0.015689454842925808,-0.004461022722701812,-0.032026028505035754,0,0.0,-0.8487464457466836,0.1677914313105972,-0.13022487037504527
DOCKSTRING-58,CSF1R,Kinase,-0.2511425755480755,0.14132297484791692,0.26932971724554744,-0.043255408324077003,0.019122139146244266,0.2597923904029334,0.039616879198909445,0.050845311319133585,0.30268089396996195,0,0.0,-0.6152525680741964,0.17262136712837026,0.027337732474266716
DOCKSTRING-58,ESR1,Nuclear receptor,-0.2972518095741812,0.09521374082181165,0.14764677425918046,-0.049124879046996334,0.013252668423324902,0.14650286386015401,-0.010366054397786156,0.0008623777224381153,0.0041771921818672605,0,0.0,-0.506211947131878,0.09906617604831106,0.068960961425596
DOCKSTRING-58,NR3C1,Nuclear receptor,0.012162735790033902,0.4046282861860265,0.3928137064333766,-0.0025199940814125948,0.059857553388908524,0.41425504168089056,0.02813957853965116,0.03936801065987517,0.11938134185018259,0,0.0,-0.08674773152945067,0.046892588620100095,0.1685043393776192
DOCKSTRING-58,IGF1R,Kinase,-0.37692657047404593,0.015538979921946734,0.029750395570531083,-0.060378867857830816,0.0019986796124902236,0.027279215021407895,-0.012942523372371497,-0.0017140912521475364,-0.010251012671937365,0,0.0,-0.6426792667051074,0.12599103205926265,-0.03978008178670753
DOCKSTRING-58,JAK2,Kinase,-0.3938939740459885,-0.0014284236499961832,-0.0028315757666264986,-0.06274574252745153,-0.0003681950571303538,-0.00520316449710226,0.011031441298473115,0.022259873418697052,0.13783402482689966,0,0.0,-0.7668223457347036,0.17680208366499273,-0.0767814802334764
DOCKSTRING-58,LCK,Kinase,-0.4681443792347131,-0.07567882883872089,-0.15683969440175227,-0.07334467342785338,-0.01096712595753221,-0.16202904180468472,0.015825187620242858,0.027053619740466755,0.17513363388558478,0,0.0,-0.9218950994744652,0.21511925316812,-0.14895288047584626
DOCKSTRING-58,MET,Kinase,-0.3639438360038194,0.028521714392172944,0.046515197072937074,-0.058568523030741976,0.0038090244395792314,0.04428446938037953,-0.03338752794007575,-0.022159095819851718,-0.11288438385608907,0,0.0,-0.5395435259044011,0.0832502792017763,0.10444314799139096
DOCKSTRING-58,MMP13,Protease,-0.46174043582054264,-0.0692748854245504,-0.10806337530536371,-0.07260928631873194,-0.010231738848410946,-0.11378122534783537,-0.027194001028153763,-0.01596556890792963,-0.07779464504234591,0,0.0,-0.743325906462742,0.1334972121158004,0.030969841813190513
DOCKSTRING-58,PTGS2,Other enzyme,0.049572907322303225,0.4420384577182959,0.45815691032196343,0.000955964917443094,0.06333351238776413,0.46795727993697656,0.04786110288556495,0.05908953500578886,0.19130545395247764,0,0.0,-0.09444680824432644,0.06827848920616168,0.14036964454817671
DOCKSTRING-58,PPARA,Nuclear receptor,-0.4540115942396685,-0.0615460438436759,-0.09369851678554796,-0.07064007673455197,-0.008262529264230893,-0.08967348176333499,-0.06659534878213974,-0.055366916661915844,-0.26329675447149187,0,0.0,-0.576348696209412,0.05799895148723434,0.0636585039218517
DOCKSTRING-58,PPARG,Nuclear receptor,-0.518526441763425,-0.12606089136743248,-0.24064134515501914,-0.08094343713141688,-0.01856588966109572,-0.2526527824456627,-0.05479495218738918,-0.04356652006716528,-0.25977977551526815,0,0.0,-0.7406924493211196,0.10532696366829278,-0.04841898213871505
DOCKSTRING-58,REN,Protease,-0.6385841889399507,-0.24611863854395818,-0.4870658886303143,-0.09833435027990997,-0.0359568028095887,-0.5072741442543414,-0.03214518983967377,-0.020916757719449567,-0.12930048973457764,0,0.0,-1.0492004325144628,0.1946695745403452,-0.2146667453310751
DOCKSTRING-58,ADORA2A,GPCR,-0.42358186034145145,-0.031116309945459455,-0.05204292304066294,-0.06898194498110156,-0.006604397510780391,-0.07874540933125074,0.003323539216981669,0.014551971337205899,0.07602527780407785,0,0.0,-0.7915084830386302,0.17443079815601237,-0.06554663051462638
DOCKSTRING-58,ACHE,Other enzyme,-0.34651997572261983,0.04594557467337261,0.054036176220190434,-0.0565327450921975,0.005844802378123661,0.04900373700854347,-0.04355089405545366,-0.032322461935229474,-0.11874298081560199,0,0.0,-0.46810898912258747,0.05764428923050259,0.059968114414874145
DOCKSTRING-58,BACE1,Protease,-0.5154919458760073,-0.12302639548001494,-0.267106973918677,-0.07884645495863359,-0.01646890748831249,-0.2549001932588766,-0.0180388835420633,-0.006810451421839,-0.046187602506435124,0,0.0,-0.8776281500822319,0.1716856113260134,-0.15887375371143672
DOCKSTRING-58,CA2,Other enzyme,-0.4003848583611039,-0.007919307965111819,-0.017507694350692132,-0.06195801259632277,0.0004195348739983403,0.0066119298776871355,-0.0037355877234149936,0.0074928443968093755,0.051742931556112204,0,0.0,-0.7214978516477,0.1522368653473277,-0.04386057111199236
DOCKSTRING-58,CYP2C9,Other enzyme,-0.6945449998978556,-0.30207944950186383,-0.49193797687393176,-0.10641011464496368,-0.04403256717464247,-0.5111891453066656,-0.06686398657448986,-0.05563555445426573,-0.28301156495976226,0,0.0,-1.0174522142936882,0.15308748990354507,-0.15735333008646796
DOCKSTRING-58,CYP3A4,Other enzyme,-0.8361904367233225,-0.44372488632733026,-0.6079120226472832,-0.12745625982291725,-0.0650787123525962,-0.6356006673807414,-0.0627579323225813,-0.0515295002023573,-0.22051872287095645,0,0.0,-1.2937431850027217,0.21692176145280295,-0.2369592978602305
DOCKSTRING-58,HSD11B1,Other enzyme,-0.18904979120319373,0.2034157591927986,0.27351118576063926,-0.032224180371070076,0.03015336709925097,0.2890312219086063,0.013937078092767504,0.025165510212991495,0.10569606742416947,0,0.0,-0.4015466425730503,0.1007429011751368,0.10681597364176561
DOCKSTRING-58,DPP4,Protease,-0.6229409033022751,-0.23047535290628263,-0.442374685132808,-0.0953841332430177,-0.03300658577269656,-0.45163212722743834,-0.04381619735577842,-0.03258776523555442,-0.19538127962724158,0,0.0,-0.9751933709640066,0.16699981816002474,-0.160929283864499
DOCKSTRING-58,DRD2,GPCR,-0.5992292036944964,-0.20676365329850402,-0.34775963866805487,-0.09362177317875865,-0.031244225708437524,-0.3746219264251733,-0.04370281495615555,-0.03247438283593156,-0.17061156936972324,0,0.0,-0.9320464758783442,0.15778576174118403,-0.06262874044103667
DOCKSTRING-58,DRD3,GPCR,-0.566513872242154,-0.1740483218461611,-0.3274961227431072,-0.0865632758855277,-0.024185728415206623,-0.32442472245842097,-0.041290532098717386,-0.030062099978493465,-0.17669254659374115,0,0.0,-0.8812627190539208,0.1492196790914151,-0.040196622725494485
DOCKSTRING-58,EGFR,Kinase,-0.522465188872261,-0.12999963847626872,-0.2542821903382759,-0.08208746186183934,-0.01970991439151818,-0.27483812977881034,-0.027271096573785156,-0.016042664453561072,-0.09801959232209863,0,0.0,-0.8546503670460847,0.15748609149207293,-0.08591641971698867
DOCKSTRING-58,F10,Protease,-0.5751663245501666,-0.1827007741541739,-0.31428555892065924,-0.08799461251460382,-0.025617065044283,-0.3141462334687101,-0.0612135885062837,-0.049985156386059694,-0.26858866867137227,0,0.0,-0.8199202130105161,0.1160356807098044,-0.10003201319853558
DOCKSTRING-58,GBA,Other enzyme,-0.6048094143396495,-0.21234386394365773,-0.3610605339953717,-0.092510942871398,-0.03013339540107694,-0.3652639590862664,-0.02871627398027417,-0.017487841860050077,-0.09288361603205215,0,0.0,-1.000410995811982,0.18755125438366133,-0.1784952751670165
DOCKSTRING-58,MAPK1,Kinase,-0.42617231041130854,-0.03370676001531574,-0.06469576168864544,-0.06776493682916752,-0.005387389358846382,-0.0737149597920356,-0.02146765495015442,-0.01023922282993043,-0.06138869603252195,0,0.0,-0.7001477440629574,0.12988936004864765,-0.02712444344659735
DOCKSTRING-58,MAPK14,Kinase,-0.33951394537751883,0.052951605018473784,0.10778754344661122,-0.05449100866259778,0.00788653880772326,0.11444434497371916,0.015740236589956606,0.026968668710180825,0.17147923869055282,0,0.0,-0.6851190769159081,0.1638483741652799,-0.024592679665714573
DOCKSTRING-58,PLK1,Kinase,-0.4938455695823144,-0.10138001918632164,-0.2046533736287656,-0.07803573225353846,-0.0156581847832172,-0.22533383105697988,-0.008751419082114647,0.0024770130381094532,0.015619151034665312,0,0.0,-0.8738482125207379,0.18015593387407214,-0.12724232239283909
DOCKSTRING-58,SRC,Kinase,-0.49967737262868206,-0.10721182223268975,-0.22395222169630205,-0.07780661999828677,-0.01542907252796556,-0.22975817113699887,-0.0020207254990561867,0.009207706621167907,0.060079562793817806,0,0.0,-0.9106649519817906,0.19484562158953597,-0.15558506697503166
DOCKSTRING-58,THRB,Nuclear receptor,0.2759740794967752,0.6684396298927681,0.5046076745224539,0.03420873014040523,0.09658627761072644,0.5197871486114687,0.06363190376677279,0.07486033588699663,0.17652492086707985,0,0.0,0.26057276984971844,0.0073016263805265325,0.23028369923322684
DOCKSTRING-58,F2,Protease,-0.5601887897109245,-0.16772323931493235,-0.33393189584420674,-0.08533206747443979,-0.022954520004118538,-0.32580018368997665,-0.03242156119921083,-0.02119312907898665,-0.13180210233686462,0,0.0,-0.9040235490593269,0.16300905617336914,-0.1659007299171061
DOCKSTRING-58,KDR,Kinase,-0.2493766180219659,0.1430889323740264,0.1615807273627849,-0.04142860956036136,0.020948937909959782,0.16864131210071395,-0.024957800324884937,-0.013729368204660935,-0.048428014157794644,0,0.0,-0.36163212377009557,0.0532193547765335,0.16426020149772233
